Time_ps;T_300;T_600
0;0.058040931820869446;0.08294036984443665
0.01;0.09124665707349777;0.13201773166656494
0.02;0.11465997248888016;0.16571567952632904
0.03;0.14158086478710175;0.20217907428741455
0.04;0.16731905937194824;0.23546114563941956
0.05;0.1756628453731537;0.24936650693416595
0.06;0.17198792099952698;0.25311529636383057
0.07;0.16489364206790924;0.25361794233322144
0.08;0.15699616074562073;0.2538470923900604
0.09;0.14643777906894684;0.24909725785255432
0.1;0.14613772928714752;0.2509213089942932
0.11;0.15081515908241272;0.2581782937049866
0.12;0.15401944518089294;0.25949543714523315
0.13;0.1598723977804184;0.2623092234134674
0.14;0.1587815135717392;0.25872156023979187
0.15;0.15774640440940857;0.253313809633255
0.16;0.1573077291250229;0.2485669106245041
0.17;0.14872752130031586;0.23607516288757324
0.18;0.13498125970363617;0.21708354353904724
0.19;0.12421358376741409;0.20154809951782227
0.2;0.11733769625425339;0.18821163475513458
0.21;0.12158951163291931;0.18499235808849335
0.22;0.1303424835205078;0.19195568561553955
0.23;0.1424972414970398;0.20352880656719208
0.24;0.1561877429485321;0.21190562844276428
0.25;0.15886296331882477;0.21253974735736847
0.26;0.15784130990505219;0.2136313021183014
0.27;0.15521667897701263;0.21848390996456146
0.28;0.1526801735162735;0.22990867495536804
0.29;0.1539386808872223;0.24907706677913666
0.3;0.1546345055103302;0.26918309926986694
0.31;0.1546119898557663;0.286177396774292
0.32;0.1467338353395462;0.29910358786582947
0.33;0.13431121408939362;0.30709943175315857
0.34;0.13188540935516357;0.3172501027584076
0.35;0.13399456441402435;0.32988831400871277
0.36;0.13475272059440613;0.34254804253578186
0.37;0.13409101963043213;0.35260462760925293
0.38;0.13178659975528717;0.3657669126987457
0.39;0.1310431957244873;0.3912312090396881
0.4;0.13859574496746063;0.42328259348869324
0.41;0.15403401851654053;0.44630351662635803
0.42;0.17356273531913757;0.4522462785243988
0.43;0.18180668354034424;0.44071483612060547
0.44;0.18394310772418976;0.4299873411655426
0.45;0.18215630948543549;0.42505186796188354
0.46;0.1755792647600174;0.42666691541671753
0.47;0.16718898713588715;0.43494200706481934
0.48;0.15433232486248016;0.4430708885192871
0.49;0.14561374485492706;0.4428717792034149
0.5;0.13908721506595612;0.44727587699890137
0.51;0.13669998943805695;0.4604647755622864
0.52;0.13330988585948944;0.4728313982486725
0.53;0.1342049241065979;0.47908884286880493
0.54;0.14221560955047607;0.4764474034309387
0.55;0.1557156890630722;0.4642094075679779
0.56;0.1612580418586731;0.44696876406669617
0.57;0.16086110472679138;0.4205121397972107
0.58;0.15361346304416656;0.4009670913219452
0.59;0.1464623361825943;0.3901210129261017
0.6;0.14259235560894012;0.3941519260406494
0.61;0.14601822197437286;0.4074942469596863
0.62;0.152861088514328;0.4237532913684845
0.63;0.15646076202392578;0.4400331974029541
0.64;0.1586841642856598;0.4521765410900116
0.65;0.15892921388149261;0.4485645592212677
0.66;0.1599048376083374;0.4375389516353607
0.67;0.163582444190979;0.4256978929042816
0.68;0.16312916576862335;0.4109036922454834
0.69;0.1570090800523758;0.3978811502456665
0.7;0.14750024676322937;0.4004470705986023
0.71;0.1383679360151291;0.4160664677619934
0.72;0.13243095576763153;0.43956947326660156
0.73;0.12746159732341766;0.4567217528820038
0.74;0.12615403532981873;0.47016778588294983
0.75;0.1365104615688324;0.4860963523387909
0.76;0.14583918452262878;0.5000179409980774
0.77;0.14721010625362396;0.5058942437171936
0.78;0.1437838077545166;0.5122471451759338
0.79;0.1461803913116455;0.5199751257896423
0.8;0.15202921628952026;0.5264889001846313
0.81;0.1563800871372223;0.5348265171051025
0.82;0.1593552529811859;0.5459215641021729
0.83;0.15646757185459137;0.5583958029747009
0.84;0.14703774452209473;0.5750881433486938
0.85;0.1367747187614441;0.6003684997558594
0.86;0.13018256425857544;0.6180830597877502
0.87;0.1314544975757599;0.6153485774993896
0.88;0.13418634235858917;0.5981820821762085
0.89;0.13250577449798584;0.5816751718521118
0.9;0.13583950698375702;0.5752558708190918
0.91;0.14606817066669464;0.5767231583595276
0.92;0.1555875837802887;0.5855485796928406
0.93;0.1592450886964798;0.6025480031967163
0.94;0.16137634217739105;0.6282679438591003
0.95;0.16785837709903717;0.6585407853126526
0.96;0.1725749373435974;0.6793004274368286
0.97;0.16977731883525848;0.6825867295265198
0.98;0.16187363862991333;0.6684952974319458
0.99;0.1577806919813156;0.6517766714096069
1;0.15977545082569122;0.6416798830032349
1.01;0.16106215119361877;0.6383249759674072
1.02;0.15594841539859772;0.6385831236839294
1.03;0.14740417897701263;0.6395984292030334
1.04;0.1441374123096466;0.6427050828933716
1.05;0.1419776976108551;0.6512207388877869
1.06;0.14022596180438995;0.6639122366905212
1.07;0.1345176249742508;0.6758996844291687
1.08;0.1352207511663437;0.686154305934906
1.09;0.1352483332157135;0.6912186741828918
1.1;0.13470707833766937;0.6893520355224609
1.11;0.13664616644382477;0.6830200552940369
1.12;0.14053477346897125;0.6770012378692627
1.13;0.1460501104593277;0.6732426881790161
1.14;0.1548459380865097;0.6676494479179382
1.15;0.16956689953804016;0.6633683443069458
1.16;0.183609277009964;0.6577954888343811
1.17;0.19196635484695435;0.647388219833374
1.18;0.19204096496105194;0.6376590132713318
1.19;0.18702170252799988;0.628142774105072
1.2;0.1808590441942215;0.6173850893974304
1.21;0.17314574122428894;0.6110768914222717
1.22;0.16110573709011078;0.6155372858047485
1.23;0.15281164646148682;0.6336568593978882
1.24;0.14875873923301697;0.6576263904571533
1.25;0.14989511668682098;0.6746308207511902
1.26;0.15434403717517853;0.6795498728752136
1.27;0.16048483550548553;0.680042028427124
1.28;0.16622363030910492;0.6748714447021484
1.29;0.1718362271785736;0.6680206060409546
1.3;0.17350368201732635;0.6618236303329468
1.31;0.1735452115535736;0.6486019492149353
1.32;0.16980308294296265;0.630344033241272
1.33;0.16223204135894775;0.6175639033317566
1.34;0.15794900059700012;0.6213101148605347
1.35;0.1590467244386673;0.6308892369270325
1.36;0.16534388065338135;0.6400223970413208
1.37;0.17095808684825897;0.6534743309020996
1.38;0.17193350195884705;0.6662494540214539
1.39;0.17162346839904785;0.6711084246635437
1.4;0.1724468469619751;0.6746890544891357
1.41;0.174331396818161;0.6787381172180176
1.42;0.17340387403964996;0.6842174530029297
1.43;0.16835767030715942;0.6940414905548096
1.44;0.16258276998996735;0.703650176525116
1.45;0.15741217136383057;0.7042821049690247
1.46;0.1551472693681717;0.6948750615119934
1.47;0.15403445065021515;0.6848485469818115
1.48;0.15852881968021393;0.6809999346733093
1.49;0.1696736365556717;0.684558629989624
1.5;0.1813686192035675;0.6914179921150208
1.51;0.19114552438259125;0.6972813010215759
1.52;0.19124484062194824;0.6922173500061035
1.53;0.1852126121520996;0.6771003603935242
1.54;0.18263566493988037;0.6643825173377991
1.55;0.1818384975194931;0.6632567048072815
1.56;0.1792832314968109;0.6693663597106934
1.57;0.1754789501428604;0.675136387348175
1.58;0.1705765575170517;0.6818509101867676
1.59;0.16045987606048584;0.6910796761512756
1.6;0.14873488247394562;0.6975914835929871
1.61;0.13915219902992249;0.7015519142150879
1.62;0.13654780387878418;0.7072395086288452
1.63;0.13568677008152008;0.7054477334022522
1.64;0.1361595243215561;0.7026081681251526
1.65;0.1386333703994751;0.7012363076210022
1.66;0.14396065473556519;0.6959784626960754
1.67;0.14775235950946808;0.6821801066398621
1.68;0.15386220812797546;0.6663542985916138
1.69;0.16225193440914154;0.6574124097824097
1.7;0.1693676859140396;0.658645749092102
1.71;0.17013370990753174;0.6684116721153259
1.72;0.1606324017047882;0.6772581934928894
1.73;0.1505114883184433;0.6802462935447693
1.74;0.1505194902420044;0.6778090596199036
1.75;0.15728843212127686;0.6702954769134521
1.76;0.16369782388210297;0.662935197353363
1.77;0.17201071977615356;0.6580729484558105
1.78;0.17757314443588257;0.6539155840873718
1.79;0.17893323302268982;0.6558347940444946
1.8;0.1770808845758438;0.6663870215415955
1.81;0.17168056964874268;0.6747878789901733
1.82;0.1646290421485901;0.676017165184021
1.83;0.15384770929813385;0.6699033975601196
1.84;0.1457313746213913;0.6623228788375854
1.85;0.13750143349170685;0.6599850058555603
1.86;0.1278606802225113;0.6580107808113098
1.87;0.12309587746858597;0.6500402688980103
1.88;0.12732380628585815;0.6375107765197754
1.89;0.13678500056266785;0.6329153180122375
1.9;0.15125156939029694;0.6412932872772217
1.91;0.16599300503730774;0.6524472236633301
1.92;0.1712806671857834;0.654078483581543
1.93;0.17476721107959747;0.6524439454078674
1.94;0.1742377132177353;0.6567733883857727
1.95;0.173031747341156;0.6619884967803955
1.96;0.17781147360801697;0.6667396426200867
1.97;0.18380314111709595;0.6664115190505981
1.98;0.1870252937078476;0.6611642241477966
1.99;0.18922318518161774;0.6510888338088989
2;0.18640261888504028;0.6442216038703918
2.01;0.18476726114749908;0.6472178101539612
2.02;0.18489952385425568;0.6567555665969849
2.03;0.1841498464345932;0.6718555092811584
2.04;0.18859264254570007;0.6928262710571289
2.05;0.19013464450836182;0.7080512046813965
2.06;0.1870933175086975;0.7087826728820801
2.07;0.1850089728832245;0.7049998044967651
2.08;0.17876097559928894;0.6989659070968628
2.09;0.17576761543750763;0.6952463984489441
2.1;0.1774372160434723;0.693428099155426
2.11;0.17866967618465424;0.6919777393341064
2.12;0.17875978350639343;0.6914847493171692
2.13;0.1752600371837616;0.6883702278137207
2.14;0.17567884922027588;0.6910879611968994
2.15;0.1822335571050644;0.7092421650886536
2.16;0.19085893034934998;0.7329397797584534
2.17;0.20112232863903046;0.7456803917884827
2.18;0.20900750160217285;0.74715656042099
2.19;0.2099795937538147;0.7430030107498169
2.2;0.20624282956123352;0.7351325750350952
2.21;0.1964312642812729;0.7312284708023071
2.22;0.19177135825157166;0.7327063679695129
2.23;0.19467397034168243;0.7364660501480103
2.24;0.19807344675064087;0.7398702502250671
2.25;0.20248083770275116;0.7446842789649963
2.26;0.20662346482276917;0.7521188855171204
2.27;0.21337150037288666;0.7591304779052734
2.28;0.2212466299533844;0.7656370997428894
2.29;0.22602884471416473;0.7681637406349182
2.3;0.2307465821504593;0.7626873254776001
2.31;0.23066113889217377;0.751801609992981
2.32;0.22241449356079102;0.7354207634925842
2.33;0.21117129921913147;0.719718873500824
2.34;0.19712521135807037;0.7102583050727844
2.35;0.1870727390050888;0.7049046754837036
2.36;0.17541195452213287;0.7034749388694763
2.37;0.16869699954986572;0.7087007164955139
2.38;0.17013892531394958;0.7135335206985474
2.39;0.17106766998767853;0.7149759531021118
2.4;0.17257744073867798;0.7180154323577881
2.41;0.1784900426864624;0.7232902646064758
2.42;0.1856870800256729;0.728818953037262
2.43;0.19316665828227997;0.7223173975944519
2.44;0.19315923750400543;0.7032542824745178
2.45;0.18794500827789307;0.6825850009918213
2.46;0.1796463578939438;0.6662855744361877
2.47;0.16678397357463837;0.6591674089431763
2.48;0.16328778862953186;0.6597909927368164
2.49;0.16725777089595795;0.6559221148490906
2.5;0.17581938207149506;0.6448611617088318
2.51;0.1860160529613495;0.6371895670890808
2.52;0.18508833646774292;0.6356349587440491
2.53;0.17987534403800964;0.6406049132347107
2.54;0.1715388298034668;0.6475339531898499
2.55;0.16560058295726776;0.6480302214622498
2.56;0.16523006558418274;0.6340048909187317
2.57;0.16317453980445862;0.6173563003540039
2.58;0.1610945612192154;0.6082267165184021
2.59;0.1554722785949707;0.6108793616294861
2.6;0.14722776412963867;0.6189132928848267
2.61;0.14614996314048767;0.621703565120697
2.62;0.14559096097946167;0.6176682114601135
2.63;0.14942139387130737;0.6077265739440918
2.64;0.1598813384771347;0.6003485321998596
2.65;0.16779987514019012;0.5967710614204407
2.66;0.16925393044948578;0.6011651754379272
2.67;0.1697215437889099;0.6179386377334595
2.68;0.16968633234500885;0.6391040086746216
2.69;0.17220355570316315;0.6545232534408569
2.7;0.17495284974575043;0.6589189171791077
2.71;0.1779094636440277;0.6561704874038696
2.72;0.17707836627960205;0.6575047969818115
2.73;0.17071621119976044;0.6656243801116943
2.74;0.16695934534072876;0.6782575249671936
2.75;0.17071250081062317;0.6857715845108032
2.76;0.17804844677448273;0.686641275882721
2.77;0.18726134300231934;0.680237889289856
2.78;0.19501207768917084;0.6718286871910095
2.79;0.19899940490722656;0.6704530119895935
2.8;0.20024043321609497;0.6766616106033325
2.81;0.20134666562080383;0.683539867401123
2.82;0.20391176640987396;0.6813862919807434
2.83;0.208626851439476;0.6774040460586548
2.84;0.21216608583927155;0.676356852054596
2.85;0.2149268537759781;0.678768515586853
2.86;0.21808290481567383;0.6797797083854675
2.87;0.21599549055099487;0.6858400702476501
2.88;0.21208897233009338;0.6891916394233704
2.89;0.20839866995811462;0.6860191226005554
2.9;0.2053520828485489;0.683380126953125
2.91;0.2058902531862259;0.6777600049972534
2.92;0.20757275819778442;0.6684979200363159
2.93;0.2088199406862259;0.6654905676841736
2.94;0.21191668510437012;0.671295166015625
2.95;0.21326853334903717;0.6805469989776611
2.96;0.21344320476055145;0.6861550211906433
2.97;0.21451906859874725;0.6898178458213806
2.98;0.2180732637643814;0.6965378522872925
2.99;0.22434912621974945;0.7064319849014282
3;0.22937332093715668;0.7191325426101685
3.01;0.2363015115261078;0.7295664548873901
3.02;0.24255169928073883;0.7381278276443481
3.03;0.244940385222435;0.7462671399116516
3.04;0.24717986583709717;0.7572872638702393
3.05;0.24891452491283417;0.7740898728370667
3.06;0.24925896525382996;0.7901785373687744
3.07;0.24697577953338623;0.803371787071228
3.08;0.23807278275489807;0.8141841888427734
3.09;0.22328531742095947;0.8248888254165649
3.1;0.21067553758621216;0.8372472524642944
3.11;0.19994404911994934;0.8537444472312927
3.12;0.1927809864282608;0.8742178678512573
3.13;0.1897667944431305;0.8888834714889526
3.14;0.19068333506584167;0.896452009677887
3.15;0.19137592613697052;0.9004510641098022
3.16;0.18887081742286682;0.8989917039871216
3.17;0.18455888330936432;0.8931673169136047
3.18;0.18011902272701263;0.8864304423332214
3.19;0.17781060934066772;0.8771623373031616
3.2;0.18020674586296082;0.8650734424591064
3.21;0.1849505454301834;0.8551896810531616
3.22;0.1918330043554306;0.846699595451355
3.23;0.19464467465877533;0.8378450870513916
3.24;0.1940346658229828;0.8235193490982056
3.25;0.19322623312473297;0.8101019263267517
3.26;0.19311586022377014;0.8052008748054504
3.27;0.19607947766780853;0.8048748970031738
3.28;0.1966463327407837;0.8069566488265991
3.29;0.19324585795402527;0.804582417011261
3.3;0.1882031112909317;0.7966082096099854
3.31;0.18054291605949402;0.7880174517631531
3.32;0.1729675978422165;0.7843083739280701
3.33;0.16459044814109802;0.7866717576980591
3.34;0.16536074876785278;0.7883431315422058
3.35;0.17027117311954498;0.7891919016838074
3.36;0.17226150631904602;0.7922050952911377
3.37;0.16980504989624023;0.791316032409668
3.38;0.16593407094478607;0.7893310189247131
3.39;0.1682138442993164;0.7857284545898438
3.4;0.17782992124557495;0.7803487777709961
3.41;0.18912693858146667;0.776926577091217
3.42;0.19369496405124664;0.778885006904602
3.43;0.18637853860855103;0.7832915186882019
3.44;0.17298686504364014;0.7871028780937195
3.45;0.16140983998775482;0.7868224382400513
3.46;0.15278840065002441;0.7838541269302368
3.47;0.1531548947095871;0.7807084918022156
3.48;0.1572416126728058;0.7816755771636963
3.49;0.15522721409797668;0.7868537306785583
3.5;0.15782296657562256;0.7891005277633667
3.51;0.1670970618724823;0.7864173650741577
3.52;0.17830689251422882;0.7781170606613159
3.53;0.18825572729110718;0.7640843391418457
3.54;0.2008727341890335;0.7567344307899475
3.55;0.21311937272548676;0.7578569650650024
3.56;0.2206125408411026;0.7572885751724243
3.57;0.22412386536598206;0.7513841390609741
3.58;0.2244894802570343;0.7394905090332031
3.59;0.2256680428981781;0.7199081778526306
3.6;0.2274988889694214;0.6968149542808533
3.61;0.2312457263469696;0.681719958782196
3.62;0.23556959629058838;0.6745021343231201
3.63;0.23718729615211487;0.6676055192947388
3.64;0.24007265269756317;0.6636238694190979
3.65;0.24196648597717285;0.6613492369651794
3.66;0.24365006387233734;0.656475841999054
3.67;0.24182289838790894;0.6475239396095276
3.68;0.234956294298172;0.6333491206169128
3.69;0.2239597588777542;0.6156850457191467
3.7;0.2137078493833542;0.5981618165969849
3.71;0.2070745974779129;0.593731164932251
3.72;0.2065652459859848;0.5969333052635193
3.73;0.20867908000946045;0.6012769341468811
3.74;0.21214571595191956;0.6022549271583557
3.75;0.21783249080181122;0.5972542762756348
3.76;0.22006168961524963;0.5892487168312073
3.77;0.22220374643802643;0.5793733596801758
3.78;0.22695478796958923;0.5786916017532349
3.79;0.23371313512325287;0.5885035395622253
3.8;0.24027836322784424;0.6025617718696594
3.81;0.2434508502483368;0.608643114566803
3.82;0.24363481998443604;0.6081607937812805
3.83;0.24478952586650848;0.5969409942626953
3.84;0.24289077520370483;0.5818697810173035
3.85;0.24076715111732483;0.5736877918243408
3.86;0.2375400960445404;0.5749974250793457
3.87;0.23580269515514374;0.5787703990936279
3.88;0.23196974396705627;0.5807014107704163
3.89;0.2269124835729599;0.5831416249275208
3.9;0.22354893386363983;0.5818255543708801
3.91;0.22293804585933685;0.5816271901130676
3.92;0.22128087282180786;0.5891550779342651
3.93;0.22078534960746765;0.5999391078948975
3.94;0.22185571491718292;0.6113889813423157
3.95;0.22162552177906036;0.6218127608299255
3.96;0.21652093529701233;0.6260684728622437
3.97;0.207802876830101;0.6193745136260986
3.98;0.1971195489168167;0.6052683591842651
3.99;0.19158650934696198;0.5949603319168091
4;0.18736523389816284;0.5922651290893555
4.01;0.18404856324195862;0.5935958623886108
4.02;0.18287798762321472;0.5964084267616272
4.03;0.18564945459365845;0.5965206623077393
4.04;0.18876159191131592;0.5944797396659851
4.05;0.1934816837310791;0.5976333618164063
4.06;0.1983110010623932;0.6084068417549133
4.07;0.20279407501220703;0.6235413551330566
4.08;0.20974275469779968;0.6388282775878906
4.09;0.2105482518672943;0.6495311856269836
4.1;0.20976392924785614;0.6521667838096619
4.11;0.20801353454589844;0.646611213684082
4.12;0.2085648477077484;0.639013409614563
4.13;0.21268047392368317;0.6393653154373169
4.14;0.2224327176809311;0.6427515149116516
4.15;0.235239177942276;0.644096314907074
4.16;0.24547208845615387;0.6413210034370422
4.17;0.24818406999111176;0.6365637183189392
4.18;0.2391858845949173;0.6322569847106934
4.19;0.2271193116903305;0.6329742074012756
4.2;0.21595150232315063;0.6360806226730347
4.21;0.20482806861400604;0.6364913582801819
4.22;0.18913039565086365;0.6346660256385803
4.23;0.17310228943824768;0.6335793137550354
4.24;0.1615414023399353;0.6355845928192139
4.25;0.1522306352853775;0.6399917602539063
4.26;0.14661338925361633;0.6443910598754883
4.27;0.14460967481136322;0.6453086137771606
4.28;0.14734841883182526;0.6436413526535034
4.29;0.15289156138896942;0.6395279169082642
4.3;0.16083210706710815;0.6312671899795532
4.31;0.16795802116394043;0.6135163307189941
4.32;0.17667607963085175;0.6001975536346436
4.33;0.1856745481491089;0.5972239971160889
4.34;0.194356769323349;0.6015199422836304
4.35;0.20659945905208588;0.613820493221283
4.36;0.22242183983325958;0.6292182803153992
4.37;0.23671695590019226;0.6444231867790222
4.38;0.24288570880889893;0.6555261611938477
4.39;0.24071580171585083;0.6564141511917114
4.4;0.23588435351848602;0.6456881165504456
4.41;0.2345760315656662;0.6259433031082153
4.42;0.2352275550365448;0.6074807643890381
4.43;0.23457661271095276;0.5945051908493042
4.44;0.23426489531993866;0.5882476568222046
4.45;0.232530876994133;0.5918935537338257
4.46;0.22852055728435516;0.6019629240036011
4.47;0.2251124083995819;0.6132786273956299
4.48;0.2233862429857254;0.6159970164299011
4.49;0.224158376455307;0.6150000691413879
4.5;0.22917267680168152;0.6106773018836975
4.51;0.2374628484249115;0.6043381690979004
4.52;0.24599653482437134;0.5998873710632324
4.53;0.25411486625671387;0.5997655391693115
4.54;0.2575450539588928;0.6052164435386658
4.55;0.2576834261417389;0.6166799068450928
4.56;0.25678619742393494;0.6278777718544006
4.57;0.2563427686691284;0.634976327419281
4.58;0.2524168789386749;0.6385905742645264
4.59;0.24440282583236694;0.6373721957206726
4.6;0.23871749639511108;0.6299909353256226
4.61;0.23487640917301178;0.618535041809082
4.62;0.23411190509796143;0.6092731952667236
4.63;0.23433199524879456;0.6026203036308289
4.64;0.23244616389274597;0.5994787216186523
4.65;0.2286689132452011;0.6025487184524536
4.66;0.22071735560894012;0.609827995300293
4.67;0.21060167253017426;0.6185578107833862
4.68;0.20483805239200592;0.6236871480941772
4.69;0.20281103253364563;0.6192539930343628
4.7;0.20326358079910278;0.6160445809364319
4.71;0.2099347710609436;0.6227871179580688
4.72;0.2203843742609024;0.6346728801727295
4.73;0.23328225314617157;0.6435848474502563
4.74;0.24169372022151947;0.6383723020553589
4.75;0.24472014605998993;0.6178476214408875
4.76;0.24479904770851135;0.5993133783340454
4.77;0.24345549941062927;0.5904493927955627
4.78;0.24181900918483734;0.5967695713043213
4.79;0.2401900440454483;0.6142964363098145
4.8;0.23598964512348175;0.6315668821334839
4.81;0.23249565064907074;0.6472086310386658
4.82;0.23118284344673157;0.6570085883140564
4.83;0.23020438849925995;0.6668927073478699
4.84;0.2309093177318573;0.6753050684928894
4.85;0.23060399293899536;0.6822472810745239
4.86;0.2272016853094101;0.6898028254508972
4.87;0.21916916966438293;0.6953793168067932
4.88;0.2095191925764084;0.6983634233474731
4.89;0.2011500895023346;0.7001997232437134
4.9;0.196291983127594;0.6992332935333252
4.91;0.19694453477859497;0.6958600282669067
4.92;0.20361052453517914;0.6961985230445862
4.93;0.20844118297100067;0.6956571936607361
4.94;0.2086634486913681;0.6957425475120544
4.95;0.20474426448345184;0.6997372508049011
4.96;0.19290970265865326;0.7006521224975586
4.97;0.18425635993480682;0.6935962438583374
4.98;0.1836135983467102;0.6775640249252319
4.99;0.1881781816482544;0.6598329544067383
5;0.19382277131080627;0.6393908262252808
5.01;0.19435924291610718;0.6208158731460571
5.02;0.1887526512145996;0.6060020923614502
5.03;0.1814340054988861;0.6009129881858826
5.04;0.18122492730617523;0.6073665618896484
5.05;0.18664199113845825;0.6232197880744934
5.06;0.19495899975299835;0.63777756690979
5.07;0.19980663061141968;0.6453091502189636
5.08;0.19850340485572815;0.649912416934967
5.09;0.19261746108531952;0.6613550186157227
5.1;0.18801937997341156;0.6784465909004211
5.11;0.1885342001914978;0.6925923228263855
5.12;0.19361691176891327;0.6975437998771667
5.13;0.199320986866951;0.6924791932106018
5.14;0.20873162150382996;0.68388831615448
5.15;0.2198592573404312;0.6731134653091431
5.16;0.22783929109573364;0.6642381548881531
5.17;0.23186245560646057;0.6609119176864624
5.18;0.23655281960964203;0.661811113357544
5.19;0.2431262582540512;0.6673086881637573
5.2;0.25138846039772034;0.6797436475753784
5.21;0.2553243637084961;0.6968837380409241
5.22;0.2568555176258087;0.7126612663269043
5.23;0.2580489218235016;0.7251636385917664
5.24;0.2602236568927765;0.7400431036949158
5.25;0.26411277055740356;0.7497456669807434
5.26;0.2714073359966278;0.7427886128425598
5.27;0.27646422386169434;0.7287742495536804
5.28;0.2742687463760376;0.7134462594985962
5.29;0.26806753873825073;0.7036899924278259
5.3;0.2620726227760315;0.6997226476669312
5.31;0.2606498897075653;0.7000023126602173
5.32;0.2624814808368683;0.700084924697876
5.33;0.26213955879211426;0.7001734972000122
5.34;0.2615385949611664;0.7003989815711975
5.35;0.26148754358291626;0.7044477462768555
5.36;0.26161813735961914;0.7170804738998413
5.37;0.259546160697937;0.7249425053596497
5.38;0.25807255506515503;0.7231200337409973
5.39;0.2578805983066559;0.7143008708953857
5.4;0.25749343633651733;0.7025671601295471
5.41;0.2514219880104065;0.6907591223716736
5.42;0.24365748465061188;0.6912456154823303
5.43;0.23311340808868408;0.7059770822525024
5.44;0.2201463282108307;0.726163923740387
5.45;0.2107422649860382;0.7494483590126038
5.46;0.20676963031291962;0.7681803703308105
5.47;0.2062961459159851;0.7763437032699585
5.48;0.2054845094680786;0.7803508043289185
5.49;0.20883812010288239;0.7877532243728638
5.5;0.21072514355182648;0.7878966331481934
5.51;0.21409660577774048;0.7730319499969482
5.52;0.2185765951871872;0.7593993544578552
5.53;0.22292929887771606;0.7492488026618958
5.54;0.22427697479724884;0.742525577545166
5.55;0.22392310202121735;0.7388530373573303
5.56;0.2229710817337036;0.7353731393814087
5.57;0.2229185700416565;0.7290688753128052
5.58;0.22214125096797943;0.7224552631378174
5.59;0.2213657796382904;0.714876115322113
5.6;0.22405686974525452;0.7016965746879578
5.61;0.22531044483184814;0.6855341792106628
5.62;0.22710025310516357;0.6717202663421631
5.63;0.23116032779216766;0.6539962887763977
5.64;0.23392145335674286;0.6326351761817932
5.65;0.2388109564781189;0.6096398234367371
5.66;0.24213191866874695;0.5924901366233826
5.67;0.24175220727920532;0.5957997441291809
5.68;0.2365119457244873;0.6181961894035339
5.69;0.22716064751148224;0.6426399946212769
5.7;0.21318061649799347;0.65493243932724
5.71;0.1976507157087326;0.652790904045105
5.72;0.1820547878742218;0.6435723304748535
5.73;0.17163513600826263;0.6438737511634827
5.74;0.16723336279392242;0.6572579145431519
5.75;0.1656651347875595;0.67153000831604
5.76;0.16890808939933777;0.6801576614379883
5.77;0.16955974698066711;0.6854791045188904
5.78;0.16138355433940887;0.6893364787101746
5.79;0.15536783635616302;0.6888918280601501
5.8;0.15040802955627441;0.6819038987159729
5.81;0.14783938229084015;0.6745511293411255
5.82;0.14326779544353485;0.6701639294624329
5.83;0.14334021508693695;0.6742666363716125
5.84;0.15273451805114746;0.6852551102638245
5.85;0.16533486545085907;0.6913341879844666
5.86;0.18045590817928314;0.6836799383163452
5.87;0.19472810626029968;0.6696635484695435
5.88;0.2030530422925949;0.6611725091934204
5.89;0.21164469420909882;0.6609628796577454
5.9;0.21829096972942352;0.6629191040992737
5.91;0.22295652329921722;0.6627169251441956
5.92;0.22452585399150848;0.6611972451210022
5.93;0.22239632904529572;0.656854510307312
5.94;0.21700355410575867;0.6487014889717102
5.95;0.21230283379554749;0.6392771005630493
5.96;0.20990952849388123;0.6288036704063416
5.97;0.20979784429073334;0.6201600432395935
5.98;0.21096813678741455;0.6218988299369812
5.99;0.21257804334163666;0.6280171871185303
6;0.21955174207687378;0.6423082947731018
6.01;0.22448672354221344;0.6610380411148071
6.02;0.2267644852399826;0.6773488521575928
6.03;0.22795012593269348;0.6890913844108582
6.04;0.23187097907066345;0.7059335112571716
6.05;0.23883961141109467;0.7315935492515564
6.06;0.24701419472694397;0.7572380304336548
6.07;0.25605151057243347;0.7725157141685486
6.08;0.2642219662666321;0.7790729999542236
6.09;0.26690584421157837;0.7768908143043518
6.1;0.26550793647766113;0.7634890675544739
6.11;0.2635955512523651;0.7486634850502014
6.12;0.2618003189563751;0.7384477257728577
6.13;0.26080697774887085;0.7284925580024719
6.14;0.2622106075286865;0.7208156585693359
6.15;0.26473793387413025;0.7219189405441284
6.16;0.2666739225387573;0.7363377213478088
6.17;0.26530149579048157;0.753357470035553
6.18;0.25991252064704895;0.7615889310836792
6.19;0.25223979353904724;0.7547677755355835
6.2;0.24472978711128235;0.7411037087440491
6.21;0.2414768487215042;0.7233554720878601
6.22;0.2403625100851059;0.7072757482528687
6.23;0.24362529814243317;0.7009735703468323
6.24;0.2514730989933014;0.6994083523750305
6.25;0.26213693618774414;0.6925730109214783
6.26;0.2726551592350006;0.6945351362228394
6.27;0.2799030840396881;0.7063739895820618
6.28;0.2784847021102905;0.7168338894844055
6.29;0.2732805013656616;0.7240108847618103
6.3;0.268061101436615;0.7227614521980286
6.31;0.26349109411239624;0.7166746854782104
6.32;0.2570648491382599;0.7135547399520874
6.33;0.25015321373939514;0.7080795168876648
6.34;0.2444666475057602;0.700043797492981
6.35;0.23877468705177307;0.6909685134887695
6.36;0.23246003687381744;0.6803027391433716
6.37;0.2250567525625229;0.683710515499115
6.38;0.21829445660114288;0.69973224401474
6.39;0.21569016575813293;0.7124434113502502
6.4;0.21889528632164001;0.7209329009056091
6.41;0.22755709290504456;0.7272951006889343
6.42;0.23656560480594635;0.7311450839042664
6.43;0.24282234907150269;0.7337242364883423
6.44;0.24759650230407715;0.734451174736023
6.45;0.2531307637691498;0.7364019751548767
6.46;0.26007506251335144;0.7384634613990784
6.47;0.26402875781059265;0.7404305934906006
6.48;0.2637588083744049;0.7382955551147461
6.49;0.26424121856689453;0.730097234249115
6.5;0.26527586579322815;0.7204506397247314
6.51;0.26809099316596985;0.7140646576881409
6.52;0.2694854736328125;0.707133948802948
6.53;0.26490965485572815;0.7051761746406555
6.54;0.2553682029247284;0.7053037285804749
6.55;0.24254800379276276;0.7006456255912781
6.56;0.22975999116897583;0.6910668611526489
6.57;0.21496939659118652;0.6856387853622437
6.58;0.19660718739032745;0.6784976720809937
6.59;0.17479471862316132;0.6658431887626648
6.6;0.15514706075191498;0.6552542448043823
6.61;0.13890132308006287;0.6529527902603149
6.62;0.13134290277957916;0.6549584269523621
6.63;0.13185015320777893;0.6562797427177429
6.64;0.14064407348632813;0.6642390489578247
6.65;0.1539386510848999;0.6740332245826721
6.66;0.16846680641174316;0.6760105490684509
6.67;0.18346494436264038;0.6725909113883972
6.68;0.19115637242794037;0.6614151000976563
6.69;0.19032031297683716;0.640546441078186
6.7;0.1860448569059372;0.6278996467590332
6.71;0.18604792654514313;0.6268773078918457
6.72;0.19449934363365173;0.6332333087921143
6.73;0.21000754833221436;0.638637900352478
6.74;0.22963763773441315;0.6400136351585388
6.75;0.24672925472259521;0.6416913866996765
6.76;0.2582356333732605;0.6448445320129395
6.77;0.26395300030708313;0.6431095600128174
6.78;0.2643827497959137;0.642317533493042
6.79;0.2601340115070343;0.648125946521759
6.8;0.2556809186935425;0.6519331336021423
6.81;0.25379905104637146;0.6524686813354492
6.82;0.2525641918182373;0.6587567925453186
6.83;0.25528696179389954;0.6627761721611023
6.84;0.25872179865837097;0.6603500843048096
6.85;0.26263728737831116;0.6565489768981934
6.86;0.263126015663147;0.6502339243888855
6.87;0.260835736989975;0.6393474340438843
6.88;0.2598098814487457;0.6263458728790283
6.89;0.2608144283294678;0.6179754137992859
6.9;0.2618868947029114;0.6169049739837646
6.91;0.2638424038887024;0.6259269714355469
6.92;0.26298707723617554;0.6410808563232422
6.93;0.26238858699798584;0.6558141708374023
6.94;0.25947296619415283;0.6634617447853088
6.95;0.2543497681617737;0.661967933177948
6.96;0.25078076124191284;0.6635276079177856
6.97;0.24986793100833893;0.6664000153541565
6.98;0.2525263726711273;0.6663943529129028
6.99;0.25909262895584106;0.6568620800971985
7;0.27036812901496887;0.6452206373214722
7.01;0.2851232886314392;0.6386807560920715
7.02;0.29888036847114563;0.6393268704414368
7.03;0.3061745762825012;0.6466661095619202
7.04;0.3067656457424164;0.6521881222724915
7.05;0.30512115359306335;0.6545335054397583
7.06;0.30197274684906006;0.662584662437439
7.07;0.29965823888778687;0.6794722080230713
7.08;0.2964044511318207;0.6843246221542358
7.09;0.29294177889823914;0.6758140325546265
7.1;0.28840112686157227;0.6660833954811096
7.11;0.28482091426849365;0.662102997303009
7.12;0.28382426500320435;0.6669408082962036
7.13;0.2843169569969177;0.6767857074737549
7.14;0.28563037514686584;0.680594801902771
7.15;0.28631892800331116;0.6757670044898987
7.16;0.2869027853012085;0.6725623607635498
7.17;0.28725719451904297;0.6718891263008118
7.18;0.28663817048072815;0.6726766228675842
7.19;0.2834935188293457;0.6753214001655579
7.2;0.2767721712589264;0.6759920716285706
7.21;0.26991885900497437;0.6766431927680969
7.22;0.2637332081794739;0.6774958968162537
7.23;0.2582165598869324;0.6720046401023865
7.24;0.25334733724594116;0.6606312990188599
7.25;0.2521780729293823;0.6489513516426086
7.26;0.24982473254203796;0.6342218518257141
7.27;0.24437637627124786;0.6230534315109253
7.28;0.23189769685268402;0.6174367070198059
7.29;0.21620433032512665;0.6142856478691101
7.3;0.20456628501415253;0.6177495718002319
7.31;0.19649583101272583;0.6200746297836304
7.32;0.19363458454608917;0.6113706231117249
7.33;0.1948830485343933;0.6056776642799377
7.34;0.19872517883777618;0.6088567972183228
7.35;0.20167584717273712;0.6131860017776489
7.36;0.19924160838127136;0.6153945326805115
7.37;0.19353416562080383;0.6198596358299255
7.38;0.19122964143753052;0.6293684244155884
7.39;0.19054684042930603;0.6394267678260803
7.4;0.19202230870723724;0.6414194107055664
7.41;0.19752727448940277;0.6394386887550354
7.42;0.2025468796491623;0.6340276598930359
7.43;0.20840243995189667;0.6294839382171631
7.44;0.21119865775108337;0.6291137337684631
7.45;0.21001169085502625;0.6364395022392273
7.46;0.2121869921684265;0.6465208530426025
7.47;0.21300718188285828;0.6533641219139099
7.48;0.21156196296215057;0.656943678855896
7.49;0.21440623700618744;0.6636667251586914
7.5;0.22166740894317627;0.6719215512275696
7.51;0.2345028519630432;0.6840637922286987
7.52;0.24899853765964508;0.6956698298454285
7.53;0.26108598709106445;0.6910719275474548
7.54;0.2732999622821808;0.6735453605651855
7.55;0.2848222255706787;0.6568126082420349
7.56;0.2924795150756836;0.6478059887886047
7.57;0.3013761639595032;0.64003586769104
7.58;0.31119421124458313;0.6412013173103333
7.59;0.32318246364593506;0.6502581834793091
7.6;0.3323191702365875;0.6632108688354492
7.61;0.33434078097343445;0.6740034818649292
7.62;0.33406755328178406;0.6789469122886658
7.63;0.33165115118026733;0.6819855570793152
7.64;0.32501864433288574;0.6854315996170044
7.65;0.31861957907676697;0.6845609545707703
7.66;0.3150467574596405;0.6832128763198853
7.67;0.3141951560974121;0.6822236776351929
7.68;0.3142906129360199;0.6778697371482849
7.69;0.3139656186103821;0.6724828481674194
7.7;0.31357473134994507;0.6722188591957092
7.71;0.3125743865966797;0.676213264465332
7.72;0.31005677580833435;0.6799244284629822
7.73;0.3075239062309265;0.6871062517166138
7.74;0.30643391609191895;0.7003050446510315
7.75;0.3029032349586487;0.7155039310455322
7.76;0.29954591393470764;0.7305176854133606
7.77;0.297869473695755;0.738970935344696
7.78;0.29789766669273376;0.7350854873657227
7.79;0.298209547996521;0.7215468883514404
7.8;0.2953840494155884;0.7102291584014893
7.81;0.2924029529094696;0.7031855583190918
7.82;0.28887778520584106;0.6983962059020996
7.83;0.28536415100097656;0.6953239440917969
7.84;0.28279033303260803;0.6870753765106201
7.85;0.2807058095932007;0.6799761056900024
7.86;0.27978840470314026;0.6785929203033447
7.87;0.2803139090538025;0.6773179769515991
7.88;0.2831129729747772;0.6772044897079468
7.89;0.2879238426685333;0.6798102259635925
7.9;0.2960054576396942;0.6801329851150513
7.91;0.3051864504814148;0.6709185838699341
7.92;0.3114469647407532;0.6586673855781555
7.93;0.31265494227409363;0.6479012966156006
7.94;0.3106786608695984;0.6443694233894348
7.95;0.3063131868839264;0.6495064496994019
7.96;0.2976260185241699;0.654429018497467
7.97;0.2887270152568817;0.6575326919555664
7.98;0.281052827835083;0.6600534319877625
7.99;0.2786116302013397;0.6676533818244934
8;0.27877745032310486;0.6791303753852844
8.01;0.27934205532073975;0.6799442172050476
8.02;0.27619731426239014;0.6691703200340271
8.03;0.26872724294662476;0.6521076560020447
8.04;0.2583254277706146;0.6398285627365112
8.05;0.24445375800132751;0.6347211599349976
8.06;0.22988653182983398;0.6324934959411621
8.07;0.21404308080673218;0.6327265501022339
8.08;0.20167654752731323;0.638410210609436
8.09;0.18997326493263245;0.6505081653594971
8.1;0.17830589413642883;0.6637521982192993
8.11;0.17010733485221863;0.6700225472450256
8.12;0.16291211545467377;0.6727094054222107
8.13;0.15494206547737122;0.6785545945167542
8.14;0.14762602746486664;0.6839860677719116
8.15;0.15225152671337128;0.6879905462265015
8.16;0.1640946865081787;0.6872295141220093
8.17;0.17486470937728882;0.6793922781944275
8.18;0.18125136196613312;0.6656481623649597
8.19;0.1847175806760788;0.6560556292533875
8.2;0.19043786823749542;0.653682291507721
8.21;0.20136576890945435;0.6552597284317017
8.22;0.21524809300899506;0.6574775576591492
8.23;0.22920717298984528;0.6583994626998901
8.24;0.2420269250869751;0.662588357925415
8.25;0.25794559717178345;0.6674290299415588
8.26;0.27250924706459045;0.6610940098762512
8.27;0.28426122665405273;0.6436144113540649
8.28;0.2928503155708313;0.6244977712631226
8.29;0.2959526777267456;0.6129074096679688
8.3;0.2931869328022003;0.6115208864212036
8.31;0.2866218388080597;0.6171252727508545
8.32;0.27904555201530457;0.623447060585022
8.33;0.2708381116390228;0.6250161528587341
8.34;0.26227885484695435;0.6190662384033203
8.35;0.25594285130500793;0.6104453206062317
8.36;0.25442421436309814;0.6056385636329651
8.37;0.25701776146888733;0.5990055799484253
8.38;0.2630980908870697;0.5898263454437256
8.39;0.2729085385799408;0.5858712196350098
8.4;0.28317591547966003;0.5905886888504028
8.41;0.29228639602661133;0.6019940972328186
8.42;0.29804667830467224;0.6154764890670776
8.43;0.3003341853618622;0.6304901242256165
8.44;0.300403356552124;0.6429317593574524
8.45;0.3004411458969116;0.6497090458869934
8.46;0.3012491464614868;0.6507989168167114
8.47;0.3019106090068817;0.6466341018676758
8.48;0.30532732605934143;0.6352146863937378
8.49;0.3112719655036926;0.6231427788734436
8.5;0.3163299560546875;0.6176558136940002
8.51;0.32136350870132446;0.620297908782959
8.52;0.32451769709587097;0.6285114884376526
8.53;0.326241672039032;0.6467891931533813
8.54;0.3265589475631714;0.6680784821510315
8.55;0.3263455927371979;0.6796096563339233
8.56;0.3236101567745209;0.6746792197227478
8.57;0.3233310580253601;0.6630924940109253
8.58;0.3272116184234619;0.6496708989143372
8.59;0.3362956941127777;0.6424151659011841
8.6;0.35010066628456116;0.6431580185890198
8.61;0.36409324407577515;0.6529858112335205
8.62;0.3766877353191376;0.6643086671829224
8.63;0.39057180285453796;0.6694609522819519
8.64;0.40917840600013733;0.6717334985733032
8.65;0.4300593137741089;0.673801600933075
8.66;0.4496553838253021;0.6710392832756042
8.67;0.4607059359550476;0.6707658767700195
8.68;0.4636668264865875;0.6783769130706787
8.69;0.4647722542285919;0.6858600378036499
8.7;0.46317556500434875;0.6884329915046692
8.71;0.461117684841156;0.6809655427932739
8.72;0.4604628384113312;0.6649432182312012
8.73;0.4553576409816742;0.6439875364303589
8.74;0.442873477935791;0.6187728047370911
8.75;0.4308137893676758;0.6101861596107483
8.76;0.4241640269756317;0.6133713126182556
8.77;0.4199219346046448;0.6237245202064514
8.78;0.4195578098297119;0.634365439414978
8.79;0.42124688625335693;0.6383736729621887
8.8;0.415363609790802;0.6385877132415771
8.81;0.407096266746521;0.6374765634536743
8.82;0.4048464894294739;0.6381885409355164
8.83;0.41039255261421204;0.6459892392158508
8.84;0.41753023862838745;0.6536027789115906
8.85;0.4238625466823578;0.6483677625656128
8.86;0.43145552277565;0.6359192132949829
8.87;0.43549108505249023;0.6243708729743958
8.88;0.43428611755371094;0.6182599663734436
8.89;0.4357565641403198;0.622376561164856
8.9;0.4403788149356842;0.6315702199935913
8.91;0.44272440671920776;0.6324877738952637
8.92;0.44538602232933044;0.6280274987220764
8.93;0.4480437934398651;0.6292758584022522
8.94;0.4511067867279053;0.6328602433204651
8.95;0.45038527250289917;0.6347070336341858
8.96;0.4468853175640106;0.6334913969039917
8.97;0.44423526525497437;0.6323838829994202
8.98;0.4383317828178406;0.6328133940696716
8.99;0.43026310205459595;0.6376479864120483
9;0.4243754744529724;0.6437000036239624
9.01;0.4254620671272278;0.6491602659225464
9.02;0.42591291666030884;0.6494507193565369
9.03;0.4261876940727234;0.6472724676132202
9.04;0.43099531531333923;0.6530263423919678
9.05;0.4368222951889038;0.6693383455276489
9.06;0.43993836641311646;0.6882625222206116
9.07;0.441447913646698;0.7027484774589539
9.08;0.44226038455963135;0.7151942253112793
9.09;0.441729336977005;0.7247527837753296
9.1;0.4447595477104187;0.7305156588554382
9.11;0.45330098271369934;0.7313865423202515
9.12;0.46517643332481384;0.7245816588401794
9.13;0.47754210233688354;0.7087214589118958
9.14;0.4892140030860901;0.6914964318275452
9.15;0.4980875849723816;0.680278480052948
9.16;0.5021722316741943;0.6756002902984619
9.17;0.505162239074707;0.6739261746406555
9.18;0.5117408037185669;0.6745362877845764
9.19;0.5230532884597778;0.6758596897125244
9.2;0.5374955534934998;0.6750014424324036
9.21;0.5549005270004272;0.6732928156852722
9.22;0.5718023180961609;0.6778108477592468
9.23;0.5871555209159851;0.6813089847564697
9.24;0.6009355187416077;0.6728266477584839
9.25;0.6151228547096252;0.654636561870575
9.26;0.630425751209259;0.6331683397293091
9.27;0.6419973969459534;0.6135104298591614
9.28;0.6478235721588135;0.6029186844825745
9.29;0.644179105758667;0.6047307848930359
9.3;0.631191074848175;0.6129277348518372
9.31;0.6149668097496033;0.6259610652923584
9.32;0.5975726842880249;0.6403205394744873
9.33;0.5840116143226624;0.6511725783348083
9.34;0.574840247631073;0.6633147597312927
9.35;0.5675560832023621;0.6811172366142273
9.36;0.5628542900085449;0.7003551721572876
9.37;0.5619240403175354;0.7141250371932983
9.38;0.5639457106590271;0.7192769050598145
9.39;0.569303035736084;0.7180505990982056
9.4;0.5797026753425598;0.712520182132721
9.41;0.5881739854812622;0.7089366912841797
9.42;0.5890534520149231;0.7090094089508057
9.43;0.5811027884483337;0.7163165211677551
9.44;0.567420244216919;0.727686882019043
9.45;0.5576201677322388;0.7325979471206665
9.46;0.5587069392204285;0.725390613079071
9.47;0.5662922263145447;0.7120461463928223
9.48;0.5695537328720093;0.699455738067627
9.49;0.5670413374900818;0.6879696249961853
9.5;0.565024733543396;0.6821863055229187
9.51;0.5723246335983276;0.6794500350952148
9.52;0.583728551864624;0.6756428480148315
9.53;0.5931171774864197;0.6628600358963013
9.54;0.6007274389266968;0.6497058868408203
9.55;0.6077250242233276;0.6409586071968079
9.56;0.6151700615882874;0.6331737041473389
9.57;0.6231375932693481;0.6329016089439392
9.58;0.6314913630485535;0.637460470199585
9.59;0.641173243522644;0.6423122882843018
9.6;0.6498553156852722;0.6396151781082153
9.61;0.6522883176803589;0.6336390376091003
9.62;0.6518552303314209;0.6279832720756531
9.63;0.6509837508201599;0.6257131099700928
9.64;0.652652382850647;0.6268737316131592
9.65;0.6577370166778564;0.6269729733467102
9.66;0.6627445816993713;0.6235469579696655
9.67;0.6643189787864685;0.6127451062202454
9.68;0.6633604764938354;0.6020098924636841
9.69;0.6660491228103638;0.5979034304618835
9.7;0.6748030185699463;0.6053605675697327
9.71;0.6883229613304138;0.6152990460395813
9.72;0.6967288851737976;0.6276986002922058
9.73;0.693686306476593;0.6380748748779297
9.74;0.6783772110939026;0.6446086168289185
9.75;0.6646302342414856;0.6522600054740906
9.76;0.6639316082000732;0.6605622172355652
9.77;0.6743839383125305;0.6696374416351318
9.78;0.6863551139831543;0.681296706199646
9.79;0.6929692625999451;0.6909691691398621
9.8;0.6868957281112671;0.6911219954490662
9.81;0.6745050549507141;0.6885870695114136
9.82;0.6635184288024902;0.6932821273803711
9.83;0.6591007709503174;0.7057231664657593
9.84;0.6637194752693176;0.7160494923591614
9.85;0.6707172393798828;0.7193854451179504
9.86;0.6690617799758911;0.7152666449546814
9.87;0.6560143828392029;0.7022463083267212
9.88;0.6396807432174683;0.6872645616531372
9.89;0.62958163022995;0.6745423078536987
9.9;0.6289326548576355;0.6624435782432556
9.91;0.6379057168960571;0.6545305252075195
9.92;0.6557633280754089;0.6574503183364868
9.93;0.6754704713821411;0.6635429263114929
9.94;0.6934881210327148;0.6693770289421082
9.95;0.7031891345977783;0.6784025430679321
9.96;0.7017327547073364;0.6806548237800598
9.97;0.6912202835083008;0.6742254495620728
9.98;0.6786941885948181;0.6656226515769958
9.99;0.669826090335846;0.6570499539375305
10;0.6585438847541809;0.6466178297996521
10.01;0.6488544344902039;0.6384789943695068
10.02;0.6444404721260071;0.6362228393554688
10.03;0.6454880237579346;0.6409042477607727
10.04;0.6510717272758484;0.6487884521484375
10.05;0.662284255027771;0.6555918455123901
10.06;0.6691527962684631;0.6543272137641907
10.07;0.6689653396606445;0.6534566283226013
10.08;0.6656078100204468;0.6627438068389893
10.09;0.6620087027549744;0.6751231551170349
10.1;0.6538513898849487;0.6805214881896973
10.11;0.6436843872070313;0.6768955588340759
10.12;0.6385703682899475;0.6679460406303406
10.13;0.6366519331932068;0.6594147682189941
10.14;0.639514148235321;0.6582398414611816
10.15;0.6444536447525024;0.666113555431366
10.16;0.6469287872314453;0.6754917502403259
10.17;0.6442646980285645;0.6809250116348267
10.18;0.6421902775764465;0.6838802695274353
10.19;0.6431559920310974;0.6885975003242493
10.2;0.6439918279647827;0.6985858082771301
10.21;0.6431800723075867;0.7111541628837585
10.22;0.6438466906547546;0.7171940207481384
10.23;0.6480227112770081;0.7175439596176147
10.24;0.6548769474029541;0.7132151126861572
10.25;0.6587638258934021;0.7058344483375549
10.26;0.6583705544471741;0.7029376029968262
10.27;0.6585119366645813;0.7045629024505615
10.28;0.6613016724586487;0.7078007459640503
10.29;0.6662160158157349;0.7153568863868713
10.3;0.6709400415420532;0.7189901471138
10.31;0.6714451909065247;0.7170961499214172
10.32;0.6652761101722717;0.7157884836196899
10.33;0.6553234457969666;0.7119901180267334
10.34;0.6472007632255554;0.7032318115234375
10.35;0.6413255929946899;0.6934605836868286
10.36;0.6389386057853699;0.6852721571922302
10.37;0.6448975801467896;0.6759172677993774
10.38;0.6554043292999268;0.6684433221817017
10.39;0.6647156476974487;0.6658105850219727
10.4;0.6738688349723816;0.669563353061676
10.41;0.679822564125061;0.6694219708442688
10.42;0.6779237985610962;0.6673413515090942
10.43;0.6722975373268127;0.6667608618736267
10.44;0.6679813265800476;0.665416955947876
10.45;0.6634511351585388;0.6669825911521912
10.46;0.6581589579582214;0.668057382106781
10.47;0.6481218338012695;0.6674277186393738
10.48;0.6375490427017212;0.6717839241027832
10.49;0.6271999478340149;0.6824517846107483
10.5;0.6243546009063721;0.6921877264976501
10.51;0.6325420141220093;0.6991965174674988
10.52;0.6447275280952454;0.7096455693244934
10.53;0.6504439115524292;0.725476086139679
10.54;0.6484482288360596;0.7352586388587952
10.55;0.6398298144340515;0.7377573847770691
10.56;0.6291462779045105;0.738483190536499
10.57;0.6235975027084351;0.7306054830551147
10.58;0.6242927312850952;0.7183124423027039
10.59;0.6308902502059937;0.7087906002998352
10.6;0.6392160654067993;0.7049931287765503
10.61;0.6479949355125427;0.7034129500389099
10.62;0.6613758206367493;0.7099729776382446
10.63;0.6753672957420349;0.723320722579956
10.64;0.6835811734199524;0.7366898655891418
10.65;0.6845480799674988;0.7462778687477112
10.66;0.6791341304779053;0.7500243782997131
10.67;0.6681963801383972;0.7437950968742371
10.68;0.6594200134277344;0.7318418025970459
10.69;0.6534943580627441;0.719176709651947
10.7;0.6486064791679382;0.706644594669342
10.71;0.6444723010063171;0.6949355006217957
10.72;0.6455901861190796;0.6873204708099365
10.73;0.6551784873008728;0.6828601360321045
10.74;0.6727690696716309;0.675495445728302
10.75;0.6973234415054321;0.6709657311439514
10.76;0.7220417857170105;0.6765953898429871
10.77;0.7420884966850281;0.6885798573493958
10.78;0.7558005452156067;0.69856196641922
10.79;0.7604943513870239;0.7045058608055115
10.8;0.7520914077758789;0.7083338499069214
10.81;0.7380579710006714;0.7040432691574097
10.82;0.72470623254776;0.6942853331565857
10.83;0.7144324779510498;0.6897463798522949
10.84;0.710239052772522;0.6872289180755615
10.85;0.7083231210708618;0.6830317378044128
10.86;0.7051795125007629;0.6801156401634216
10.87;0.701024055480957;0.6757838726043701
10.88;0.6993289589881897;0.6596750617027283
10.89;0.6996424794197083;0.6382593512535095
10.9;0.6999293565750122;0.6248428821563721
10.91;0.7004886269569397;0.6171162128448486
10.92;0.6976898312568665;0.6076499819755554
10.93;0.691187858581543;0.596405565738678
10.94;0.6827076077461243;0.5834041833877563
10.95;0.674389123916626;0.5664344429969788
10.96;0.6690501570701599;0.5576977133750916
10.97;0.6701778173446655;0.5700057744979858
10.98;0.6772134304046631;0.5932857990264893
10.99;0.6854385137557983;0.6106023788452148
11;0.6890613436698914;0.6201696395874023
11.01;0.6849639415740967;0.6231653690338135
11.02;0.6768161058425903;0.6182754039764404
11.03;0.6700205206871033;0.6113168597221375
11.04;0.663969874382019;0.6145615577697754
11.05;0.6595728397369385;0.625277578830719
11.06;0.6582603454589844;0.6313490271568298
11.07;0.6600775122642517;0.6428925395011902
11.08;0.666323184967041;0.6659862399101257
11.09;0.6781812310218811;0.6862987279891968
11.1;0.6912089586257935;0.7001858949661255
11.11;0.7042132019996643;0.7156835198402405
11.12;0.715498685836792;0.7317500710487366
11.13;0.7258181571960449;0.7432240843772888
11.14;0.7329815030097961;0.7511507868766785
11.15;0.733697235584259;0.7568456530570984
11.16;0.7261732816696167;0.7586642503738403
11.17;0.7127446532249451;0.7516630291938782
11.18;0.7001631259918213;0.7415366768836975
11.19;0.6953907608985901;0.7373486757278442
11.2;0.7002264857292175;0.7443039417266846
11.21;0.7095898985862732;0.758981466293335
11.22;0.7174335718154907;0.7761117815971375
11.23;0.7237664461135864;0.7909730672836304
11.24;0.7293934226036072;0.7940999269485474
11.25;0.7367241978645325;0.7827685475349426
11.26;0.7454443573951721;0.7613032460212708
11.27;0.7508007287979126;0.7403396368026733
11.28;0.7472448945045471;0.7238296270370483
11.29;0.7399501800537109;0.7065789699554443
11.3;0.7339605093002319;0.6856333613395691
11.31;0.7303283214569092;0.6616508364677429
11.32;0.7268631458282471;0.6408440470695496
11.33;0.7200082540512085;0.6288285255432129
11.34;0.7125181555747986;0.6260889768600464
11.35;0.7088910341262817;0.6306581497192383
11.36;0.7109374403953552;0.6434780359268188
11.37;0.7128037810325623;0.6520242094993591
11.38;0.7107059359550476;0.6491782665252686
11.39;0.7012574076652527;0.6331787705421448
11.4;0.6862294673919678;0.611747682094574
11.41;0.672898530960083;0.5960820913314819
11.42;0.6658108830451965;0.5883309841156006
11.43;0.6605477333068848;0.5884048342704773
11.44;0.655902087688446;0.5877704620361328
11.45;0.6523119807243347;0.5819186568260193
11.46;0.6492088437080383;0.5788977742195129
11.47;0.6467208862304688;0.5809929966926575
11.48;0.6432284712791443;0.5926756262779236
11.49;0.6368394494056702;0.6185680031776428
11.5;0.6324092149734497;0.6500605940818787
11.51;0.6310011148452759;0.672336995601654
11.52;0.6287274360656738;0.6876676082611084
11.53;0.621073842048645;0.6972528100013733
11.54;0.6107226610183716;0.7036262154579163
11.55;0.6043621897697449;0.7111068964004517
11.56;0.606193482875824;0.7173898220062256
11.57;0.6184722185134888;0.7273103594779968
11.58;0.6357200741767883;0.7346555590629578
11.59;0.6500009298324585;0.7360735535621643
11.6;0.6542321443557739;0.7401598691940308
11.61;0.6549776196479797;0.7497389912605286
11.62;0.656481921672821;0.7639219760894775
11.63;0.6610369682312012;0.7790208458900452
11.64;0.6680013537406921;0.7836278676986694
11.65;0.6731085181236267;0.7718021869659424
11.66;0.6765995025634766;0.7575203776359558
11.67;0.6831273436546326;0.7476181387901306
11.68;0.6946511268615723;0.7448130249977112
11.69;0.7063927054405212;0.7480630278587341
11.7;0.7104744911193848;0.7540116906166077
11.71;0.7097102403640747;0.7606093883514404
11.72;0.7068618535995483;0.7692590355873108
11.73;0.702141284942627;0.7828249335289001
11.74;0.6945159435272217;0.8025104403495789
11.75;0.6808018088340759;0.818126380443573
11.76;0.6662601232528687;0.826265275478363
11.77;0.656533420085907;0.8317137360572815
11.78;0.6501887440681458;0.8315715193748474
11.79;0.6472011208534241;0.8287281394004822
11.8;0.6462117433547974;0.8329386115074158
11.81;0.6439740657806396;0.8369606733322144
11.82;0.6425634026527405;0.8353732824325562
11.83;0.6398383378982544;0.8330796360969543
11.84;0.6335448026657104;0.8324016332626343
11.85;0.6229131817817688;0.8282351493835449
11.86;0.6107116341590881;0.8220915794372559
11.87;0.6019352078437805;0.8255340456962585
11.88;0.6022195816040039;0.8368508815765381
11.89;0.6086519956588745;0.8474435806274414
11.9;0.6162531971931458;0.8608492612838745
11.91;0.6252971887588501;0.8741685748100281
11.92;0.6300969123840332;0.8875541090965271
11.93;0.6319718956947327;0.9011422395706177
11.94;0.6347054243087769;0.9096503257751465
11.95;0.6391853094100952;0.9101288318634033
11.96;0.640849232673645;0.9108402729034424
11.97;0.6386136412620544;0.9129619598388672
11.98;0.6323805451393127;0.913365364074707
11.99;0.6224220395088196;0.9178009629249573
12;0.614118218421936;0.929634690284729
12.01;0.6139792799949646;0.9441276788711548
12.02;0.6220126748085022;0.9550965428352356
12.03;0.6322842836380005;0.9632183909416199
12.04;0.642821192741394;0.9659014344215393
12.05;0.6529214382171631;0.9630094766616821
12.06;0.6619386672973633;0.9626845717430115
12.07;0.6659150123596191;0.9642074704170227
12.08;0.66416996717453;0.9659664034843445
12.09;0.6612913012504578;0.9638257622718811
12.1;0.6584964394569397;0.9559497833251953
12.11;0.6570550203323364;0.9460718035697937
12.12;0.6573923826217651;0.9382222890853882
12.13;0.6547011137008667;0.9357513785362244
12.14;0.6473238468170166;0.9335196018218994
12.15;0.6481099128723145;0.9284014105796814
12.16;0.6591402888298035;0.9132295846939087
12.17;0.6717925071716309;0.8890565633773804
12.18;0.6800574064254761;0.8653601408004761
12.19;0.6810858845710754;0.8476467728614807
12.2;0.6763238906860352;0.8369720578193665
12.21;0.6698536276817322;0.8330025672912598
12.22;0.6674314141273499;0.8301498889923096
12.23;0.6689556241035461;0.8320295214653015
12.24;0.671857476234436;0.8399574160575867
12.25;0.674415111541748;0.8503396511077881
12.26;0.6806017160415649;0.8573846817016602
12.27;0.6906102895736694;0.8612394332885742
12.28;0.6984473466873169;0.8653150200843811
12.29;0.7035978436470032;0.8714239001274109
12.3;0.709105372428894;0.8739928603172302
12.31;0.7134180665016174;0.8733333945274353
12.32;0.7140757441520691;0.8734350800514221
12.33;0.7118071913719177;0.8767215609550476
12.34;0.7068225741386414;0.886353075504303
12.35;0.698174238204956;0.8985595703125
12.36;0.6923576593399048;0.9070755839347839
12.37;0.6944083571434021;0.9086987376213074
12.38;0.7038282155990601;0.9093002676963806
12.39;0.7137512564659119;0.9063422679901123
12.4;0.7213476896286011;0.9044679403305054
12.41;0.7267653346061707;0.9101510643959045
12.42;0.7308939695358276;0.9128431081771851
12.43;0.7323768734931946;0.9049952030181885
12.44;0.7305155396461487;0.8916904330253601
12.45;0.7280877828598022;0.8821490406990051
12.46;0.7258955836296082;0.8830352425575256
12.47;0.7273594737052917;0.8940277099609375
12.48;0.7323545217514038;0.9095423817634583
12.49;0.7373179197311401;0.9217524528503418
12.5;0.7372080087661743;0.9224010705947876
12.51;0.7335071563720703;0.9154173731803894
12.52;0.7310330867767334;0.9095045924186707
12.53;0.7329438924789429;0.9058055877685547
12.54;0.737375795841217;0.9013199210166931
12.55;0.7423891425132751;0.8962558507919312
12.56;0.7465790510177612;0.8938099145889282
12.57;0.7468129992485046;0.8949241638183594
12.58;0.7460430860519409;0.8964782953262329
12.59;0.7489286661148071;0.8961805701255798
12.6;0.7562850117683411;0.8937705755233765
12.61;0.7618892788887024;0.8923770189285278
12.62;0.7654800415039063;0.8929017782211304
12.63;0.767522931098938;0.8915534019470215
12.64;0.7652609348297119;0.892190158367157
12.65;0.7593753337860107;0.8960936069488525
12.66;0.7534388303756714;0.9081401824951172
12.67;0.7490837574005127;0.9233055114746094
12.68;0.7467103004455566;0.9351388812065125
12.69;0.7471948266029358;0.9379515647888184
12.7;0.746979296207428;0.9326856136322021
12.71;0.7412404417991638;0.9257627725601196
12.72;0.7309920787811279;0.9284355640411377
12.73;0.7223314046859741;0.936184823513031
12.74;0.7182664275169373;0.9428209066390991
12.75;0.7177300453186035;0.9458791017532349
12.76;0.7168641686439514;0.9462885856628418
12.77;0.7128329873085022;0.9413130283355713
12.78;0.707073986530304;0.9325147867202759
12.79;0.7035050988197327;0.9291183352470398
12.8;0.7027116417884827;0.9290788173675537
12.81;0.7017782926559448;0.9288069605827332
12.82;0.6940411329269409;0.9254965782165527
12.83;0.6813015341758728;0.9192289710044861
12.84;0.6726443767547607;0.9117835164070129
12.85;0.6693321466445923;0.9096472263336182
12.86;0.6685630679130554;0.9137735962867737
12.87;0.6701564192771912;0.9213273525238037
12.88;0.6699100732803345;0.9287757277488708
12.89;0.665885329246521;0.9364061951637268
12.9;0.664414644241333;0.9430400133132935
12.91;0.6649602651596069;0.9451162219047546
12.92;0.665375292301178;0.9409834146499634
12.93;0.6688535213470459;0.9270612597465515
12.94;0.6752004623413086;0.908878743648529
12.95;0.6792151927947998;0.8906673192977905
12.96;0.6790141463279724;0.8771716952323914
12.97;0.6782355308532715;0.8734546303749084
12.98;0.6789336204528809;0.8727864623069763
12.99;0.6776337623596191;0.8706697821617126
13;0.6737952828407288;0.8623441457748413
13.01;0.6697941422462463;0.8512765169143677
13.02;0.6610767841339111;0.8392804265022278
13.03;0.6491244435310364;0.8281081318855286
13.04;0.6418214440345764;0.8171165585517883
13.05;0.6408872008323669;0.8112474679946899
13.06;0.6411342024803162;0.8158705830574036
13.07;0.642289400100708;0.8248549699783325
13.08;0.6449018716812134;0.8317096829414368
13.09;0.648838222026825;0.8346808552742004
13.1;0.657085657119751;0.8356624841690063
13.11;0.6673216819763184;0.8397590517997742
13.12;0.6732321977615356;0.8516889810562134
13.13;0.6694425940513611;0.8697901964187622
13.14;0.658714234828949;0.8879371881484985
13.15;0.6450865864753723;0.9012165665626526
13.16;0.6311674118041992;0.9091602563858032
13.17;0.6209501028060913;0.9116767644882202
13.18;0.6160167455673218;0.9065544009208679
13.19;0.619512140750885;0.8964812755584717
13.2;0.6286434531211853;0.8901300430297852
13.21;0.6399621963500977;0.8913451433181763
13.22;0.6527668833732605;0.9019849896430969
13.23;0.6656108498573303;0.9179630279541016
13.24;0.6763662695884705;0.9330309629440308
13.25;0.6829009652137756;0.9450033903121948
13.26;0.6828622221946716;0.955978274345398
13.27;0.6766801476478577;0.9610813856124878
13.28;0.6707812547683716;0.9591267108917236
13.29;0.6678203344345093;0.954220712184906
13.3;0.6663898825645447;0.9553223252296448
13.31;0.6653368473052979;0.9623643755912781
13.32;0.6674156188964844;0.969784140586853
13.33;0.6761343479156494;0.9697533845901489
13.34;0.6887723207473755;0.9605581164360046
13.35;0.70127934217453;0.9499673247337341
13.36;0.7077243328094482;0.9417694211006165
13.37;0.7045632600784302;0.9355500340461731
13.38;0.693486213684082;0.9290631413459778
13.39;0.6784155368804932;0.924988865852356
13.4;0.6657072305679321;0.9255099892616272
13.41;0.6582514643669128;0.9259378910064697
13.42;0.6592899560928345;0.9237542152404785
13.43;0.6662206053733826;0.9197434782981873
13.44;0.6746835112571716;0.9109342694282532
13.45;0.6822114586830139;0.8977551460266113
13.46;0.6883666515350342;0.8888621926307678
13.47;0.6913679242134094;0.8880598545074463
13.48;0.6919585466384888;0.8962886333465576
13.49;0.6874644756317139;0.9035309553146362
13.5;0.676580011844635;0.9081975221633911
13.51;0.6598691344261169;0.9094147086143494
13.52;0.6447007656097412;0.9139264822006226
13.53;0.6330362558364868;0.9225836992263794
13.54;0.6265666484832764;0.9258573651313782
13.55;0.6254228949546814;0.9224417805671692
13.56;0.6275097727775574;0.9171097874641418
13.57;0.6329171061515808;0.90837162733078
13.58;0.6421398520469666;0.8992631435394287
13.59;0.6534701585769653;0.8930687308311462
13.6;0.6650522947311401;0.8904907703399658
13.61;0.6726690530776978;0.8873465657234192
13.62;0.6770740747451782;0.8834678530693054
13.63;0.6821168065071106;0.880050778388977
13.64;0.6872981786727905;0.880984365940094
13.65;0.6910548210144043;0.885844349861145
13.66;0.6951988935470581;0.8921540379524231
13.67;0.7011585831642151;0.898049533367157
13.68;0.7038722038269043;0.9031242728233337
13.69;0.705980658531189;0.9076136946678162
13.7;0.7081155776977539;0.909673273563385
13.71;0.708135187625885;0.9041680693626404
13.72;0.7085079550743103;0.895301103591919
13.73;0.7123017907142639;0.8923026323318481
13.74;0.7171971797943115;0.8988345861434937
13.75;0.7188627123832703;0.9011052250862122
13.76;0.7157420516014099;0.8924320936203003
13.77;0.7125888466835022;0.87953120470047
13.78;0.7133985757827759;0.8720136284828186
13.79;0.7154589891433716;0.8727171421051025
13.8;0.7172738313674927;0.8830700516700745
13.81;0.7181091904640198;0.893822431564331
13.82;0.7173865437507629;0.8942925930023193
13.83;0.7141326665878296;0.8868162631988525
13.84;0.7091716527938843;0.8798510432243347
13.85;0.7001638412475586;0.8755897879600525
13.86;0.6873311400413513;0.8685558438301086
13.87;0.6730327010154724;0.8570312857627869
13.88;0.6607822179794312;0.8467284440994263
13.89;0.6528363823890686;0.8424673676490784
13.9;0.6474820375442505;0.8523115515708923
13.91;0.6447376012802124;0.8713729381561279
13.92;0.6413239240646362;0.8879325985908508
13.93;0.6327288150787354;0.900968611240387
13.94;0.620745062828064;0.9125401377677917
13.95;0.6116061806678772;0.9195195436477661
13.96;0.6073428988456726;0.9167268872261047
13.97;0.6093928217887878;0.9082102179527283
13.98;0.6146585941314697;0.9001269936561584
13.99;0.6163451075553894;0.8942219018936157
14;0.6134146451950073;0.8958173990249634
14.01;0.6106276512145996;0.9066831469535828
14.02;0.6148911714553833;0.9171257019042969
14.03;0.6255239248275757;0.9241607785224915
14.04;0.6356016993522644;0.9337723255157471
14.05;0.6412811875343323;0.9476415514945984
14.06;0.6416538953781128;0.9620802998542786
14.07;0.6410041451454163;0.9772073030471802
14.08;0.6444910168647766;0.9874480962753296
14.09;0.6516082882881165;0.9883851408958435
14.1;0.6614257097244263;0.9844534397125244
14.11;0.6732925772666931;0.9798938632011414
14.12;0.6872308850288391;0.9745193123817444
14.13;0.7017925977706909;0.9671769738197327
14.14;0.7121278047561646;0.9609578251838684
14.15;0.7176473736763;0.9583730101585388
14.16;0.7218173742294312;0.9588250517845154
14.17;0.726266622543335;0.9631487727165222
14.18;0.7289180159568787;0.9718162417411804
14.19;0.7270987629890442;0.9783499240875244
14.2;0.7205541729927063;0.9824045896530151
14.21;0.7137652635574341;0.9912203550338745
14.22;0.7089815735816956;10.062.021.017.074.500
14.23;0.7066601514816284;10.223.643.779.754.600
14.24;0.7067099213600159;10.353.227.853.775.000
14.25;0.7070747017860413;1.046.636.700.630.180
14.26;0.7059832215309143;10.543.577.671.051.000
14.27;0.7048577666282654;10.552.661.418.914.700
14.28;0.7065794467926025;10.554.289.817.810.000
14.29;0.7097474932670593;10.604.608.058.929.400
14.3;0.7092151641845703;10.703.765.153.884.800
14.31;0.704719066619873;108.462.655.544.281
14.32;0.6981645226478577;10.963.153.839.111.300
14.33;0.6905800104141235;11.021.814.346.313.400
14.34;0.6861487627029419;1.103.623.390.197.750
14.35;0.6849112510681152;11.029.372.215.270.900
14.36;0.6826384663581848;1.097.900.629.043.570
14.37;0.6795220375061035;10.894.269.943.237.300
14.38;0.6821315288543701;107.926.344.871.521
14.39;0.6910676956176758;10.666.857.957.839.900
14.4;0.7021260857582092;1.058.567.762.374.870
14.41;0.7108684778213501;10.551.482.439.041.100
14.42;0.7130289077758789;10.530.552.864.074.700
14.43;0.7096403241157532;10.432.896.614.074.700
14.44;0.705696702003479;10.278.013.944.625.800
14.45;0.7087060213088989;1.014.138.102.531.430
14.46;0.7180166244506836;10.000.125.169.754.000
14.47;0.728138267993927;0.9841744303703308
14.48;0.7355135679244995;0.9601138830184937
14.49;0.7432482838630676;0.9343222379684448
14.5;0.7514894604682922;0.9125731587409973
14.51;0.7605409622192383;0.8954389691352844
14.52;0.7718031406402588;0.8815643191337585
14.53;0.7828824520111084;0.8627673983573914
14.54;0.7886379361152649;0.841921865940094
14.55;0.7850640416145325;0.8241263031959534
14.56;0.7759388089179993;0.8116323351860046
14.57;0.7676836252212524;0.7982606291770935
14.58;0.7620124816894531;0.7752805352210999
14.59;0.7604584693908691;0.7502645254135132
14.6;0.7630948424339294;0.7254733443260193
14.61;0.7642715573310852;0.7054963111877441
14.62;0.7598569989204407;0.6881687045097351
14.63;0.7538356184959412;0.6732923984527588
14.64;0.7470883727073669;0.6571212410926819
14.65;0.7372890114784241;0.6476231217384338
14.66;0.7233904600143433;0.6473550796508789
14.67;0.7075881361961365;0.6485369801521301
14.68;0.6935012340545654;0.6479055881500244
14.69;0.6831095814704895;0.6449345350265503
14.7;0.6741515398025513;0.6381036043167114
14.71;0.6683747172355652;0.633286714553833
14.72;0.669701874256134;0.6392401456832886
14.73;0.6737614274024963;0.6481994390487671
14.74;0.6782161593437195;0.6513485908508301
14.75;0.682396650314331;0.6535840034484863
14.76;0.6809223890304565;0.6552962064743042
14.77;0.6771168112754822;0.659626841545105
14.78;0.6721212267875671;0.6703047156333923
14.79;0.6677495837211609;0.6842761039733887
14.8;0.6622055172920227;0.7017588019371033
14.81;0.6579228639602661;0.7179265022277832
14.82;0.6594436168670654;0.7278187274932861
14.83;0.6661692261695862;0.7387648224830627
14.84;0.6753954887390137;0.7494460344314575
14.85;0.6864213347434998;0.7585592269897461
14.86;0.6967094540596008;0.7707790732383728
14.87;0.7020998597145081;0.784008800983429
14.88;0.7046254277229309;0.7985630631446838
14.89;0.7044991254806519;0.8174810409545898
14.9;0.7014967203140259;0.8385415077209473
14.91;0.6963289976119995;0.8538656830787659
14.92;0.690147876739502;0.8670874238014221
14.93;0.6842907071113586;0.8762390613555908
14.94;0.6791214346885681;0.8779503703117371
14.95;0.6764476299285889;0.8742494583129883
14.96;0.6747812628746033;0.8697943091392517
14.97;0.6749931573867798;0.8721150755882263
14.98;0.6748710870742798;0.8827268481254578
14.99;0.6732186675071716;0.8944066166877747
15;0.6702579259872437;0.9017269611358643
15.01;0.6664971709251404;0.9033597111701965
15.02;0.66379314661026;0.9020982384681702
15.03;0.6595636010169983;0.9041140675544739
15.04;0.6528744697570801;0.9067487716674805
15.05;0.6475160717964172;0.9038267731666565
15.06;0.6446599960327148;0.8951602578163147
15.07;0.6430813074111938;0.8838773965835571
15.08;0.6402704119682312;0.8773304224014282
15.09;0.6330553889274597;0.8769967555999756
15.1;0.6236289143562317;0.8802908062934875
15.11;0.6171070337295532;0.8780820965766907
15.12;0.617319643497467;0.8723258376121521
15.13;0.6239599585533142;0.8678922057151794
15.14;0.6313965320587158;0.8709986805915833
15.15;0.6374126076698303;0.8790796399116516
15.16;0.6393525004386902;0.885606050491333
15.17;0.6409227252006531;0.8887444138526917
15.18;0.6461735367774963;0.8964231014251709
15.19;0.6522269248962402;0.9094743132591248
15.2;0.6564795970916748;0.9201552271842957
15.21;0.6649206280708313;0.9323716759681702
15.22;0.6770925521850586;0.9438656568527222
15.23;0.6880585551261902;0.9514777660369873
15.24;0.6967228055000305;0.9574534893035889
15.25;0.7040914297103882;0.9656425714492798
15.26;0.7102388739585876;0.9727665185928345
15.27;0.7160362601280212;0.9798043370246887
15.28;0.7216306924819946;0.9902557730674744
15.29;0.7223713994026184;10.050.917.863.845.800
15.3;0.7158650755882263;10.178.964.138.031.000
15.31;0.7098188996315002;10.219.037.532.806.300
15.32;0.7108272314071655;10.220.752.954.483.000
15.33;0.7141385674476624;10.194.141.864.776.600
15.34;0.7163577079772949;10.174.572.467.803.900
15.35;0.7170478105545044;10.143.373.012.542.700
15.36;0.7184892892837524;10.117.857.456.207.200
15.37;0.7235569357872009;1.011.867.880.821.220
15.38;0.7317528128623962;10.118.266.344.070.400
15.39;0.7403817772865295;1.008.787.751.197.810
15.4;0.7494761943817139;1.005.363.941.192.620
15.41;0.7547032237052917;10.009.117.126.464.800
15.42;0.7551690340042114;0.9912793040275574
15.43;0.756399393081665;0.979354977607727
15.44;0.75761479139328;0.9635480642318726
15.45;0.7573856711387634;0.954899251461029
15.46;0.7531797885894775;0.9498154520988464
15.47;0.7446432709693909;0.9460825324058533
15.48;0.7336884140968323;0.9457054734230042
15.49;0.724934995174408;0.9461281895637512
15.5;0.7211282849311829;0.94813072681427
15.51;0.7217177748680115;0.9563686847686768
15.52;0.7228339314460754;0.9670413136482239
15.53;0.7241273522377014;0.9679071307182312
15.54;0.7297484278678894;0.9650070667266846
15.55;0.7371008396148682;0.9638860821723938
15.56;0.7418749928474426;0.9614835381507874
15.57;0.7414751648902893;0.9616714119911194
15.58;0.737366259098053;0.9620853066444397
15.59;0.7329011559486389;0.9663836359977722
15.6;0.7289592027664185;0.9809256196022034
15.61;0.7249333262443542;10.029.218.196.868.800
15.62;0.7233107089996338;10.222.162.008.285.500
15.63;0.7224670052528381;10.381.234.884.262.000
15.64;0.7216076850891113;10.484.890.937.805.100
15.65;0.7253435850143433;1.052.819.013.595.580
15.66;0.7313839793205261;10.580.520.629.882.800
15.67;0.7339041829109192;10.602.197.647.094.700
15.68;0.7286273837089539;10.535.550.117.492.600
15.69;0.7219452261924744;1.040.856.122.970.580
15.7;0.7183393239974976;10.284.709.930.419.900
15.71;0.7151321172714233;10.144.058.465.957.600
15.72;0.7099037170410156;10.027.520.656.585.600
15.73;0.7018271684646606;0.9907388091087341
15.74;0.6925525069236755;0.9819027781486511
15.75;0.6843529343605042;0.9763065576553345
15.76;0.6821240186691284;0.9636017680168152
15.77;0.6827273368835449;0.9408711194992065
15.78;0.6815282106399536;0.9095327258110046
15.79;0.6814281940460205;0.8776281476020813
15.8;0.6831158995628357;0.8466976881027222
15.81;0.6828495264053345;0.8284686207771301
15.82;0.6763612031936646;0.8159196376800537
15.83;0.6650754809379578;0.8009273409843445
15.84;0.6529656648635864;0.785137951374054
15.85;0.6441513299942017;0.7700019478797913
15.86;0.644129753112793;0.7545896768569946
15.87;0.652106523513794;0.7447201013565063
15.88;0.6621996164321899;0.7426391243934631
15.89;0.6682939529418945;0.7343539595603943
15.9;0.6723926067352295;0.7194064259529114
15.91;0.6755772233009338;0.702453076839447
15.92;0.6770473122596741;0.684624195098877
15.93;0.6746355891227722;0.6659367680549622
15.94;0.6669743657112122;0.6522853374481201
15.95;0.6557604670524597;0.6462410092353821
15.96;0.6424985527992249;0.6403183937072754
15.97;0.6311005353927612;0.6367456912994385
15.98;0.6215195059776306;0.6390659809112549
15.99;0.6113796830177307;0.6435843110084534
16;0.6061474680900574;0.6468324661254883
16.01;0.6088636517524719;0.6462864875793457
16.02;0.6145365834236145;0.6446794271469116
16.03;0.6210120320320129;0.640776515007019
16.04;0.6253194212913513;0.6369457244873047
16.05;0.624915599822998;0.6389454007148743
16.06;0.6222568154335022;0.6540307998657227
16.07;0.6169606447219849;0.6733032464981079
16.08;0.6132490038871765;0.6865191459655762
16.09;0.6116549372673035;0.6976743340492249
16.1;0.608871579170227;0.7051979303359985
16.11;0.6073897480964661;0.7060022950172424
16.12;0.6072741150856018;0.7088723182678223
16.13;0.604826033115387;0.7170912027359009
16.14;0.6059786081314087;0.7242737412452698
16.15;0.6139490008354187;0.7302278876304626
16.16;0.6237392425537109;0.7409815192222595
16.17;0.6299079060554504;0.7518482804298401
16.18;0.6289642453193665;0.7555737495422363
16.19;0.6225665211677551;0.7581508159637451
16.2;0.6143710613250732;0.7663640975952148
16.21;0.6105167269706726;0.7723290920257568
16.22;0.6143618822097778;0.7765175104141235
16.23;0.6220521330833435;0.7851870059967041
16.24;0.6315423250198364;0.7930933237075806
16.25;0.6433254480361938;0.7963288426399231
16.26;0.654962420463562;0.8025009036064148
16.27;0.6633738875389099;0.8124754428863525
16.28;0.6657902002334595;0.8216171264648438
16.29;0.6694733500480652;0.8260989785194397
16.3;0.6759079098701477;0.8247043490409851
16.31;0.6797031164169312;0.8232800364494324
16.32;0.6814116835594177;0.8250764012336731
16.33;0.6838995218276978;0.8300359845161438
16.34;0.6854352355003357;0.8354822397232056
16.35;0.6861197352409363;0.8375797271728516
16.36;0.6885917782783508;0.8332477807998657
16.37;0.6914969086647034;0.8268647193908691
16.38;0.6959334015846252;0.8250011801719666
16.39;0.7013720273971558;0.8220420479774475
16.4;0.7073954343795776;0.8117740154266357
16.41;0.7138405442237854;0.8009205460548401
16.42;0.7175031304359436;0.7914959788322449
16.43;0.717605471611023;0.7801002264022827
16.44;0.7169538736343384;0.7636538743972778
16.45;0.7159444689750671;0.7490183115005493
16.46;0.7118553519248962;0.7358301877975464
16.47;0.7070242762565613;0.7302299737930298
16.48;0.7061566114425659;0.725378155708313
16.49;0.7107003927230835;0.7155167460441589
16.5;0.7177974581718445;0.6997823119163513
16.51;0.7235473394393921;0.6841092109680176
16.52;0.7257211804389954;0.6757888793945313
16.53;0.7260265350341797;0.6801402568817139
16.54;0.7292488813400269;0.6931477785110474
16.55;0.7387084364891052;0.7048774361610413
16.56;0.7513322830200195;0.7099835872650146
16.57;0.758479118347168;0.7034743428230286
16.58;0.7591634392738342;0.6921597123146057
16.59;0.7594465017318726;0.6891282796859741
16.6;0.7635899782180786;0.6899155378341675
16.61;0.7706993818283081;0.6899710893630981
16.62;0.7787749767303467;0.6867710947990417
16.63;0.7873428463935852;0.67762291431427
16.64;0.7909190058708191;0.6651199460029602
16.65;0.7895076870918274;0.6596457362174988
16.66;0.7866681218147278;0.6612625122070313
16.67;0.7846418619155884;0.6678209900856018
16.68;0.7823041081428528;0.6783996820449829
16.69;0.7827553749084473;0.6914843320846558
16.7;0.7852728366851807;0.7004918456077576
16.71;0.7843853831291199;0.7014942765235901
16.72;0.7798658609390259;0.6961961984634399
16.73;0.774022102355957;0.6965371966362
16.74;0.7703517079353333;0.7025273442268372
16.75;0.7674548625946045;0.7063146233558655
16.76;0.7649762630462646;0.6995495557785034
16.77;0.7655596137046814;0.6807120442390442
16.78;0.7693051099777222;0.659609317779541
16.79;0.7749916315078735;0.6471911072731018
16.8;0.780678927898407;0.6500892639160156
16.81;0.7836208939552307;0.6619487404823303
16.82;0.7850307822227478;0.676339864730835
16.83;0.7856729626655579;0.6900498270988464
16.84;0.7853413224220276;0.7013006210327148
16.85;0.7834707498550415;0.6995826363563538
16.86;0.7792704701423645;0.6950702667236328
16.87;0.7766860127449036;0.6939578056335449
16.88;0.7766443490982056;0.6926279067993164
16.89;0.7763160467147827;0.6934040784835815
16.9;0.7736384868621826;0.6975246667861938
16.91;0.77023845911026;0.7030595541000366
16.92;0.7687097191810608;0.7082536220550537
16.93;0.7685815095901489;0.7181668281555176
16.94;0.7661597728729248;0.7378145456314087
16.95;0.7616835236549377;0.7674383521080017
16.96;0.7562515735626221;0.7919624447822571
16.97;0.7515175342559814;0.8112780451774597
16.98;0.7451702356338501;0.8268613219261169
16.99;0.7387309074401855;0.8381757140159607
17;0.7347096800804138;0.8467472195625305
17.01;0.731540322303772;0.8581576943397522
17.02;0.7312333583831787;0.8706954121589661
17.03;0.7310428619384766;0.8756819367408752
17.04;0.7294960618019104;0.8752424716949463
17.05;0.7229698300361633;0.8775643110275269
17.06;0.7143005132675171;0.885888934135437
17.07;0.7108073234558105;0.8995303511619568
17.08;0.7109202146530151;0.9226345419883728
17.09;0.7110099196434021;0.9459035396575928
17.1;0.7122910022735596;0.9529940485954285
17.11;0.7090839743614197;0.9463330507278442
17.12;0.6993664503097534;0.9349753856658936
17.13;0.6901036500930786;0.9212355017662048
17.14;0.6868618726730347;0.9087050557136536
17.15;0.6909425258636475;0.8991028666496277
17.16;0.6949313879013062;0.8923121690750122
17.17;0.6954078674316406;0.8874348998069763
17.18;0.6901450157165527;0.888425350189209
17.19;0.6787061095237732;0.8988368511199951
17.2;0.6672104597091675;0.9108458161354065
17.21;0.6623868942260742;0.9169953465461731
17.22;0.6647233366966248;0.915026843547821
17.23;0.6714580655097961;0.9063069820404053
17.24;0.6790799498558044;0.8905535936355591
17.25;0.6828535199165344;0.8732598423957825
17.26;0.6816083788871765;0.858119547367096
17.27;0.6791450381278992;0.8454122543334961
17.28;0.6786662340164185;0.8414099812507629
17.29;0.6779564023017883;0.8449496030807495
17.3;0.6740037202835083;0.8541849255561829
17.31;0.6673417091369629;0.8664465546607971
17.32;0.6617292761802673;0.884631872177124
17.33;0.6560428142547607;0.9054001569747925
17.34;0.6445416212081909;0.9233712553977966
17.35;0.6293333768844604;0.9291048049926758
17.36;0.6162194013595581;0.922980785369873
17.37;0.6079457402229309;0.9087710976600647
17.38;0.6072942018508911;0.8935396671295166
17.39;0.6085856556892395;0.8834623694419861
17.4;0.6103711128234863;0.8795944452285767
17.41;0.6135741472244263;0.8814298510551453
17.42;0.6165904998779297;0.8824864029884338
17.43;0.6193127036094666;0.8822942972183228
17.44;0.6229690313339233;0.8804230093955994
17.45;0.6308841109275818;0.8702682256698608
17.46;0.6416120529174805;0.8550056219100952
17.47;0.6510565280914307;0.842440128326416
17.48;0.654513955116272;0.8324518799781799
17.49;0.6529025435447693;0.8169645667076111
17.5;0.6509376764297485;0.7998273968696594
17.51;0.654503583908081;0.7856937050819397
17.52;0.6594685316085815;0.775445282459259
17.53;0.6624695062637329;0.7655001282691956
17.54;0.6661214828491211;0.7602391839027405
17.55;0.6679831147193909;0.757631242275238
17.56;0.669743001461029;0.7500312328338623
17.57;0.6752102971076965;0.7366466522216797
17.58;0.6846910119056702;0.7190616130828857
17.59;0.6939170360565186;0.6991519331932068
17.6;0.6964157819747925;0.6736516356468201
17.61;0.6946809887886047;0.648300290107727
17.62;0.693668007850647;0.6232805848121643
17.63;0.691230833530426;0.6073281764984131
17.64;0.6916530132293701;0.5997676849365234
17.65;0.7005581259727478;0.5973917841911316
17.66;0.7104917764663696;0.6032829284667969
17.67;0.7162505984306335;0.6139670610427856
17.68;0.718770444393158;0.6300529837608337
17.69;0.7186444401741028;0.6463466882705688
17.7;0.7141133546829224;0.6585797071456909
17.71;0.7066310048103333;0.662326991558075
17.72;0.7007066607475281;0.6612026691436768
17.73;0.6970685124397278;0.6618803143501282
17.74;0.6946164965629578;0.6738427877426147
17.75;0.6953797936439514;0.6941900253295898
17.76;0.6980067491531372;0.7168145179748535
17.77;0.7002925872802734;0.7354960441589355
17.78;0.7028116583824158;0.7500922679901123
17.79;0.7086094617843628;0.766210675239563
17.8;0.7191975712776184;0.7855467796325684
17.81;0.7328181862831116;0.8090672492980957
17.82;0.7461475729942322;0.8312286734580994
17.83;0.7583458423614502;0.8470293879508972
17.84;0.7680521011352539;0.8558303117752075
17.85;0.7738378047943115;0.8657283186912537
17.86;0.7742611765861511;0.8813498616218567
17.87;0.7680603861808777;0.8992803692817688
17.88;0.7578200101852417;0.9157885909080505
17.89;0.7467172741889954;0.9274304509162903
17.9;0.7386370301246643;0.9315914511680603
17.91;0.7337861061096191;0.9265182614326477
17.92;0.7312070727348328;0.9204031825065613
17.93;0.7260338068008423;0.916246771812439
17.94;0.7196011543273926;0.9128451347351074
17.95;0.7141507863998413;0.9111071228981018
17.96;0.7080532908439636;0.9107081294059753
17.97;0.7019575238227844;0.9089552760124207
17.98;0.696496844291687;0.9067835211753845
17.99;0.6903129816055298;0.9062502980232239
18;0.6853882670402527;0.9106319546699524
18.01;0.6835123300552368;0.9198608994483948
18.02;0.6792737245559692;0.926732063293457
18.03;0.6680294275283813;0.9306874871253967
18.04;0.6497082114219666;0.9295488595962524
18.05;0.6286741495132446;0.9281715750694275
18.06;0.6138449907302856;0.9293436408042908
18.07;0.6012632846832275;0.9294365644454956
18.08;0.5907314419746399;0.9279072880744934
18.09;0.5817263722419739;0.9206427931785583
18.1;0.5707373023033142;0.9155101180076599
18.11;0.5613745450973511;0.9170712828636169
18.12;0.5582296252250671;0.9250540733337402
18.13;0.5611995458602905;0.9368077516555786
18.14;0.5654883980751038;0.9460622072219849
18.15;0.5674021244049072;0.9471783638000488
18.16;0.5650335550308228;0.9400855302810669
18.17;0.5572802424430847;0.9345145225524902
18.18;0.5464142560958862;0.9373732805252075
18.19;0.5402792096138;0.9486174583435059
18.2;0.5416470170021057;0.9634657502174377
18.21;0.549360990524292;0.9803125858306885
18.22;0.562149167060852;0.9895379543304443
18.23;0.5753380060195923;0.9877490401268005
18.24;0.5811461806297302;0.9819711446762085
18.25;0.5804363489151001;0.9793170094490051
18.26;0.5771814584732056;0.9762669801712036
18.27;0.5733416080474854;0.9769512414932251
18.28;0.5729125142097473;0.9778890013694763
18.29;0.5778960585594177;0.9650367498397827
18.3;0.5868852138519287;0.9386830925941467
18.31;0.5951362252235413;0.9103519320487976
18.32;0.603202760219574;0.885159969329834
18.33;0.6136398911476135;0.8674156069755554
18.34;0.6234089732170105;0.8610855340957642
18.35;0.6290444135665894;0.8587378263473511
18.36;0.6326990723609924;0.8540711402893066
18.37;0.6319526433944702;0.8484508991241455
18.38;0.6248335242271423;0.8494892716407776
18.39;0.6174299120903015;0.8541096448898315
18.4;0.6132243275642395;0.8558913469314575
18.41;0.6100659370422363;0.860418438911438
18.42;0.6096912026405334;0.8659971952438354
18.43;0.6129588484764099;0.8652284741401672
18.44;0.6164354085922241;0.859634280204773
18.45;0.6192137598991394;0.8510627150535583
18.46;0.6238628029823303;0.8380343914031982
18.47;0.6331695914268494;0.8274894952774048
18.48;0.6438380479812622;0.8206660747528076
18.49;0.6521819233894348;0.8129631876945496
18.5;0.6547707319259644;0.806567370891571
18.51;0.6538302898406982;0.7996319532394409
18.52;0.6500507593154907;0.7910081744194031
18.53;0.6457149982452393;0.7806530594825745
18.54;0.6430457830429077;0.7727514505386353
18.55;0.644252359867096;0.7658833265304565
18.56;0.6502405405044556;0.7632098197937012
18.57;0.6596494913101196;0.7631576061248779
18.58;0.671396791934967;0.7640517950057983
18.59;0.6800812482833862;0.7700697779655457
18.6;0.6837610602378845;0.7806030511856079
18.61;0.6840038895606995;0.7856501936912537
18.62;0.6879779696464539;0.7850649356842041
18.63;0.6987772583961487;0.7833196520805359
18.64;0.7128100395202637;0.7737677693367004
18.65;0.7241795659065247;0.7608301639556885
18.66;0.7274381518363953;0.7478631138801575
18.67;0.7261269092559814;0.7357292771339417
18.68;0.727590024471283;0.7205451726913452
18.69;0.7293999791145325;0.7061821222305298
18.7;0.7292596697807312;0.6967917680740356
18.71;0.7275668978691101;0.688703715801239
18.72;0.7233885526657104;0.6854739189147949
18.73;0.7178375720977783;0.6924107074737549
18.74;0.712037980556488;0.7014825344085693
18.75;0.7067776918411255;0.7055186033248901
18.76;0.7016488909721375;0.7049559354782104
18.77;0.6972542405128479;0.6979706287384033
18.78;0.6961143612861633;0.6898604035377502
18.79;0.6936922669410706;0.686360776424408
18.8;0.689121425151825;0.6878951787948608
18.81;0.6840205192565918;0.6942804455757141
18.82;0.6769347786903381;0.7021564841270447
18.83;0.6700248718261719;0.7024053931236267
18.84;0.6638790965080261;0.6938962340354919
18.85;0.6588726043701172;0.6837599277496338
18.86;0.6550576686859131;0.6774954795837402
18.87;0.6527342200279236;0.6819010972976685
18.88;0.6540036797523499;0.688895583152771
18.89;0.6541880965232849;0.682713508605957
18.9;0.6493425965309143;0.6612851023674011
18.91;0.6434941291809082;0.6388636231422424
18.92;0.6402387022972107;0.6284220218658447
18.93;0.6399081945419312;0.6315267086029053
18.94;0.6435054540634155;0.642495334148407
18.95;0.6490397453308105;0.6519761681556702
18.96;0.6555491089820862;0.6558682322502136
18.97;0.6629769206047058;0.6555649638175964
18.98;0.6697189211845398;0.6558079719543457
18.99;0.6770746111869812;0.6580600738525391
19;0.6831847429275513;0.6694765686988831
19.01;0.6896913051605225;0.6911397576332092
19.02;0.6988098621368408;0.7104122042655945
19.03;0.7056813836097717;0.7182859778404236
19.04;0.7069457769393921;0.7224484086036682
19.05;0.7024638652801514;0.7275066375732422
19.06;0.695584774017334;0.7368037700653076
19.07;0.6880286931991577;0.7506126165390015
19.08;0.6834729909896851;0.7587574124336243
19.09;0.6833193302154541;0.7573328614234924
19.1;0.6830599904060364;0.7459352612495422
19.11;0.6820666790008545;0.7364376187324524
19.12;0.6864369511604309;0.733561098575592
19.13;0.6906645894050598;0.7344467043876648
19.14;0.6904076933860779;0.7331722378730774
19.15;0.6900397539138794;0.7319709658622742
19.16;0.6898365616798401;0.7293945550918579
19.17;0.6862307786941528;0.7285054922103882
19.18;0.6781403422355652;0.7332279682159424
19.19;0.6676235795021057;0.7408880591392517
19.2;0.6575801968574524;0.7443885207176208
19.21;0.6506525874137878;0.7453909516334534
19.22;0.6488921642303467;0.7412496209144592
19.23;0.6498855352401733;0.7310557961463928
19.24;0.6467671990394592;0.7152513861656189
19.25;0.6412321925163269;0.6972963213920593
19.26;0.6393857002258301;0.684290885925293
19.27;0.6391248106956482;0.676030158996582
19.28;0.6374453902244568;0.6728276014328003
19.29;0.6344304084777832;0.6703234910964966
19.3;0.6301270723342896;0.6679589748382568
19.31;0.6250527501106262;0.6655678749084473
19.32;0.6212075352668762;0.6710138320922852
19.33;0.6179653406143188;0.6874569654464722
19.34;0.617527961730957;0.6966066360473633
19.35;0.6201305389404297;0.6872321367263794
19.36;0.625944972038269;0.6696038842201233
19.37;0.6326471567153931;0.6614075899124146
19.38;0.6309546232223511;0.6629628539085388
19.39;0.624295175075531;0.6721155643463135
19.4;0.6214637160301208;0.6835017800331116
19.41;0.6266241073608398;0.6918196678161621
19.42;0.6362666487693787;0.6987136006355286
19.43;0.6481322050094604;0.7120481133460999
19.44;0.656204342842102;0.7328531742095947
19.45;0.6606109142303467;0.7547369003295898
19.46;0.664352536201477;0.7737405300140381
19.47;0.6692260503768921;0.7904168367385864
19.48;0.6722327470779419;0.8048062920570374
19.49;0.6696347594261169;0.8151669502258301
19.5;0.6660704016685486;0.8236302733421326
19.51;0.6673651337623596;0.8309089541435242
19.52;0.6736606955528259;0.8385041952133179
19.53;0.6809375882148743;0.8482145071029663
19.54;0.6866123080253601;0.8624628782272339
19.55;0.690129816532135;0.8815695643424988
19.56;0.6913922429084778;0.8957527875900269
19.57;0.6888729929924011;0.9054352045059204
19.58;0.6860491633415222;0.9121593236923218
19.59;0.6794517636299133;0.9145708680152893
19.6;0.6690478920936584;0.9162921905517578
19.61;0.6560805439949036;0.9161086082458496
19.62;0.6382496953010559;0.9164642095565796
19.63;0.6189594864845276;0.915347695350647
19.64;0.6037921905517578;0.9179595112800598
19.65;0.5953570008277893;0.9290764331817627
19.66;0.5951905250549316;0.9359805583953857
19.67;0.6012483239173889;0.9301130771636963
19.68;0.6070045232772827;0.9157198071479797
19.69;0.6104049682617188;0.8982639908790588
19.7;0.6084136962890625;0.8795799612998962
19.71;0.6056138873100281;0.8600172400474548
19.72;0.606102466583252;0.8425093293190002
19.73;0.6084892153739929;0.8197152614593506
19.74;0.6134275197982788;0.7982767224311829
19.75;0.617231547832489;0.7877811193466187
19.76;0.6139755249023438;0.7855209112167358
19.77;0.607427716255188;0.7811250686645508
19.78;0.6052828431129456;0.7753241062164307
19.79;0.6113372445106506;0.7701290249824524
19.8;0.624729573726654;0.7625834941864014
19.81;0.6389722228050232;0.7546990513801575
19.82;0.6501421928405762;0.7523348331451416
19.83;0.6560037732124329;0.756395697593689
19.84;0.6569518446922302;0.7633152604103088
19.85;0.6570413112640381;0.7709113359451294
19.86;0.6576131582260132;0.7714484930038452
19.87;0.658778727054596;0.7603784203529358
19.88;0.659389078617096;0.7493675351142883
19.89;0.6559283137321472;0.7453693151473999
19.9;0.647389829158783;0.746155321598053
19.91;0.6377353668212891;0.7532461881637573
19.92;0.6341705918312073;0.7611274719238281
19.93;0.6384155750274658;0.7626435160636902
19.94;0.6477978825569153;0.754024863243103
19.95;0.6561754941940308;0.7429407238960266
19.96;0.6563298106193542;0.73636394739151
19.97;0.6456981897354126;0.7341839671134949
19.98;0.6313459277153015;0.7355749011039734
19.99;0.6212125420570374;0.7442901134490967
20;;
